Crop_Type,Region,Soil_Type,Farming_Method,Fertilizer_Used,Area_Planted_Hectares,Yield_Tons_Per_Hectare,Total_Harvest_Tons,Rainfall_mm,Labor_Hours,Planting_Date,Harvest_Date
Rice,West,Silt,Conservation,Compost,309.62,4.12,1275.63,494.8,769,2025-05-03,2025-09-16
Barley,West,Sandy,Organic,Phosphorus-based,342.46,2.27,777.38,554.5,4571,2025-05-24,2025-09-11
Soybeans,West,Clay,Conservation,Compost,165.6,8.46,1400.98,764.6,842,2025-04-08,2025-08-31
Barley,West,Loam,Organic,Phosphorus-based,425.57,7.75,3298.17,452.3,1066,2025-05-23,2025-10-25
Barley,Midwest,Peat,Organic,Compost,474.11,5.86,2778.28,1115.3,407,2025-05-11,2025-10-06
Corn,Midwest,Peat,Conventional,None,443.58,5.93,2630.43,465.7,2238,2025-04-11,2025-07-16
Soybeans,South,Loam,Conventional,None,372.14,9.74,3624.64,1095.8,3564,2025-06-09,2025-10-25
Soybeans,North,Loam,Conventional,Nitrogen-based,145.96,3.55,518.16,303.5,4997,2025-03-09,2025-06-22
Soybeans,West,Clay,Mixed,Potassium-based,147.99,10.11,1496.18,856.6,209,2025-03-25,2025-07-09
Barley,South,Sandy,Mixed,Compost,482.05,8.31,4005.84,1107.0,3732,2025-05-28,2025-11-17
Rice,North,Peat,Conventional,Nitrogen-based,15.04,5.9,88.74,368.7,4535,2025-06-05,2025-11-28
Soybeans,East,Clay,Mixed,Potassium-based,360.86,6.31,2277.03,1168.3,2015,2025-03-02,2025-08-13
Barley,Midwest,Sandy,Conservation,Compost,356.06,4.19,1491.89,652.9,4363,2025-03-19,2025-07-20
Corn,North,Clay,Conservation,Phosphorus-based,315.12,9.4,2962.13,1145.7,656,2025-06-18,2025-10-18
Rice,East,Peat,Mixed,Potassium-based,495.15,6.89,3411.58,876.8,204,2025-03-20,2025-07-13
Corn,North,Loam,Mixed,None,162.82,4.87,792.93,501.6,2147,2025-06-14,2025-11-16
Rice,Midwest,Loam,Conservation,Nitrogen-based,176.59,7.76,1370.34,388.3,245,2025-06-13,2025-11-12
Barley,Midwest,Sandy,Organic,Potassium-based,48.68,11.96,582.21,503.7,2863,2025-06-14,2025-12-07
Wheat,South,Silt,Conservation,Potassium-based,226.97,6.07,1377.71,293.0,973,2025-06-01,2025-10-09
Rice,West,Sandy,Conservation,None,137.91,11.17,1540.45,343.9,398,2025-05-09,2025-10-31
Corn,North,Silt,Mixed,Compost,178.26,5.12,912.69,304.7,3338,2025-03-17,2025-08-11
Barley,North,Clay,Conservation,Phosphorus-based,418.94,2.07,867.21,622.9,745,2025-05-28,2025-11-12
Rice,East,Clay,Mixed,None,468.39,3.64,1704.94,995.6,4833,2025-06-10,2025-09-17
Wheat,Midwest,Peat,Mixed,Phosphorus-based,101.01,5.9,595.96,341.4,3178,2025-05-07,2025-08-19
Wheat,North,Silt,Conventional,Compost,192.53,3.81,733.54,330.3,2611,2025-06-02,2025-10-11
Soybeans,Midwest,Peat,Conservation,Potassium-based,465.03,1.5,697.54,843.4,883,2025-05-23,2025-10-16
Soybeans,North,Loam,Organic,Phosphorus-based,40.29,11.11,447.62,397.2,470,2025-03-03,2025-08-26
Corn,South,Silt,Conventional,Nitrogen-based,55.26,10.36,572.49,297.6,586,2025-05-26,2025-09-09
Rice,West,Sandy,Mixed,Nitrogen-based,89.77,9.29,833.96,366.8,2137,2025-04-20,2025-09-16
Rice,North,Loam,Mixed,None,301.65,3.26,983.38,1123.7,3296,2025-05-21,2025-08-27
Soybeans,Midwest,Loam,Organic,Compost,83.73,2.76,231.09,1021.5,1460,2025-03-26,2025-07-29
Rice,South,Sandy,Mixed,None,484.36,2.21,1070.44,554.1,4387,2025-04-25,2025-10-04
Rice,North,Loam,Conservation,None,228.89,9.1,2082.9,855.8,4925,2025-06-08,2025-11-24
Wheat,East,Silt,Conventional,None,255.74,11.25,2877.08,737.3,2361,2025-05-03,2025-09-05
Soybeans,West,Peat,Mixed,Nitrogen-based,130.86,6.02,787.78,877.1,2721,2025-03-08,2025-07-23
Barley,North,Loam,Mixed,Nitrogen-based,240.77,2.75,662.12,882.7,1056,2025-05-20,2025-10-07
Soybeans,South,Silt,Organic,None,334.34,6.88,2300.26,828.7,480,2025-06-03,2025-11-09
Barley,East,Clay,Conservation,Nitrogen-based,378.08,5.16,1950.89,466.1,3749,2025-04-06,2025-09-16
Wheat,South,Silt,Mixed,Compost,379.4,5.44,2063.94,239.0,4993,2025-06-17,2025-12-03
Corn,South,Peat,Organic,None,293.17,8.02,2351.22,655.6,338,2025-06-29,2025-12-03
Rice,East,Silt,Mixed,Nitrogen-based,453.14,9.05,4100.92,1091.0,1205,2025-06-05,2025-09-24
Wheat,South,Sandy,Organic,Phosphorus-based,410.53,2.66,1092.01,769.5,1486,2025-03-27,2025-09-09
Rice,East,Peat,Organic,None,380.95,1.87,712.38,1032.4,2652,2025-04-14,2025-09-30
Corn,North,Clay,Conservation,None,37.25,11.94,444.76,1191.6,2349,2025-03-04,2025-06-07
Corn,East,Sandy,Mixed,Compost,13.37,3.94,52.68,363.6,1627,2025-05-25,2025-09-17
Wheat,East,Silt,Conservation,Potassium-based,114.1,2.07,236.19,891.8,1767,2025-05-29,2025-11-09
Corn,West,Peat,Organic,Potassium-based,335.13,3.49,1169.6,874.3,4232,2025-06-04,2025-11-28
Barley,East,Clay,Conventional,Compost,211.49,1.91,403.95,1180.0,2791,2025-05-27,2025-08-27
Corn,East,Sandy,Mixed,Compost,207.18,5.61,1162.28,1185.6,3772,2025-06-18,2025-11-06
Rice,North,Clay,Conventional,Compost,443.45,9.93,4403.46,886.7,2096,2025-06-07,2025-11-17
Rice,West,Silt,Mixed,Potassium-based,448.83,5.08,2280.06,443.6,1525,2025-04-06,2025-09-02
Rice,Midwest,Clay,Conservation,Compost,455.5,6.16,2805.88,998.6,2912,2025-06-04,2025-11-03
Rice,North,Loam,Conservation,Nitrogen-based,163.8,8.59,1407.04,307.0,3347,2025-05-10,2025-10-11
Barley,North,Sandy,Conservation,None,348.62,6.84,2384.56,980.7,2692,2025-04-02,2025-08-21
Soybeans,Midwest,Clay,Conservation,None,143.1,10.55,1509.71,1110.2,1590,2025-03-31,2025-09-26
Wheat,East,Silt,Conservation,Phosphorus-based,103.4,10.59,1095.01,582.8,1324,2025-04-24,2025-10-06
Rice,South,Silt,Conventional,Phosphorus-based,100.47,1.6,160.75,830.6,2687,2025-03-12,2025-06-23
Corn,West,Clay,Conservation,None,177.63,9.67,1717.68,630.1,3164,2025-03-11,2025-09-05
Rice,South,Silt,Organic,Nitrogen-based,220.68,6.34,1399.11,637.8,932,2025-05-27,2025-11-04
Corn,Midwest,Peat,Organic,Potassium-based,417.17,11.88,4955.98,510.4,4792,2025-05-11,2025-10-15
Corn,North,Peat,Conventional,Potassium-based,68.75,6.57,451.69,962.1,2540,2025-04-01,2025-07-27
Rice,North,Peat,Mixed,Nitrogen-based,370.11,11.86,4389.5,1136.2,4895,2025-04-26,2025-10-03
Barley,West,Loam,Organic,Potassium-based,270.41,9.42,2547.26,1140.8,1746,2025-04-07,2025-07-15
Corn,North,Clay,Mixed,Compost,151.09,4.11,620.98,374.8,540,2025-04-29,2025-09-22
Corn,North,Loam,Conventional,None,251.48,7.15,1798.08,1074.7,1629,2025-05-25,2025-10-27
Rice,West,Silt,Mixed,None,156.97,11.92,1871.08,937.4,3065,2025-06-06,2025-12-02
Corn,West,Loam,Mixed,Nitrogen-based,302.08,10.5,3171.84,452.8,2467,2025-03-19,2025-08-05
Corn,Midwest,Silt,Mixed,Potassium-based,222.58,2.52,560.9,267.3,3386,2025-06-24,2025-10-05
Rice,North,Silt,Mixed,Phosphorus-based,90.56,8.92,807.8,468.0,4763,2025-05-23,2025-09-05
Rice,North,Sandy,Conventional,Phosphorus-based,67.13,5.13,344.38,1112.2,4431,2025-04-25,2025-09-15
Wheat,Midwest,Peat,Organic,Potassium-based,277.88,1.57,436.27,833.2,1404,2025-03-14,2025-07-24
Barley,East,Silt,Conservation,Phosphorus-based,452.18,5.74,2595.51,921.1,3134,2025-04-02,2025-08-11
Barley,East,Sandy,Mixed,Nitrogen-based,178.54,3.96,707.02,457.2,3788,2025-03-10,2025-08-27
Corn,East,Peat,Organic,Nitrogen-based,369.17,10.1,3728.62,919.4,4073,2025-05-19,2025-09-07
Barley,Midwest,Silt,Organic,Potassium-based,332.74,5.04,1677.01,228.1,1285,2025-05-03,2025-10-07
Corn,North,Silt,Conventional,Phosphorus-based,466.46,10.19,4753.23,575.3,3362,2025-05-03,2025-08-19
Wheat,Midwest,Loam,Organic,Nitrogen-based,412.28,1.51,622.54,826.8,2207,2025-05-01,2025-10-03
Rice,Midwest,Loam,Conventional,Nitrogen-based,287.64,4.73,1360.54,346.1,1940,2025-05-07,2025-09-12
Rice,East,Peat,Mixed,Compost,331.94,4.03,1337.72,1023.0,4420,2025-05-30,2025-11-08
Rice,South,Silt,Mixed,Compost,450.21,3.95,1778.33,435.0,2847,2025-05-31,2025-09-16
Barley,North,Clay,Conservation,Nitrogen-based,205.76,2.22,456.79,852.3,4777,2025-04-12,2025-07-26
Wheat,East,Loam,Conservation,Potassium-based,170.13,3.46,588.65,605.2,4364,2025-05-19,2025-10-09
Barley,South,Peat,Conservation,None,15.3,7.33,112.15,796.0,3233,2025-04-28,2025-08-20
Barley,South,Silt,Organic,None,415.01,4.56,1892.45,307.5,3520,2025-04-21,2025-08-06
Wheat,West,Silt,Mixed,Nitrogen-based,402.48,5.88,2366.58,216.9,1565,2025-06-05,2025-09-25
Wheat,North,Clay,Conventional,Nitrogen-based,61.18,5.46,334.04,1109.6,4209,2025-06-20,2025-12-11
Wheat,South,Peat,Conservation,Nitrogen-based,292.66,10.7,3131.46,469.6,2311,2025-03-19,2025-06-27
Wheat,East,Silt,Conventional,Potassium-based,237.35,11.01,2613.22,1019.7,2904,2025-03-21,2025-07-27
Rice,West,Loam,Conventional,Compost,68.17,6.68,455.38,1199.4,1643,2025-03-22,2025-08-26
Soybeans,North,Clay,Conservation,Nitrogen-based,490.48,4.97,2437.69,411.4,1789,2025-03-09,2025-07-01
Soybeans,Midwest,Peat,Mixed,Nitrogen-based,115.2,2.62,301.82,465.2,1671,2025-03-09,2025-08-08
Wheat,East,Clay,Conservation,Phosphorus-based,42.94,11.51,494.24,862.9,4641,2025-05-12,2025-09-08
Soybeans,South,Loam,Conventional,Potassium-based,301.48,2.13,642.15,1165.4,3379,2025-03-27,2025-08-08
Soybeans,South,Peat,Conservation,Nitrogen-based,372.04,4.63,1722.55,1115.8,3641,2025-03-17,2025-09-12
Wheat,East,Clay,Conventional,Phosphorus-based,25.9,4.63,119.92,702.9,4911,2025-04-13,2025-09-10
Soybeans,South,Sandy,Conventional,None,332.77,4.86,1617.26,995.1,3123,2025-06-29,2025-11-16
Barley,West,Loam,Conservation,Nitrogen-based,270.82,3.23,874.75,335.7,918,2025-04-14,2025-07-21
Corn,North,Loam,Organic,Nitrogen-based,60.6,9.72,589.03,1177.4,4621,2025-03-08,2025-08-20
Corn,West,Loam,Conservation,Phosphorus-based,94.54,2.79,263.77,1164.4,1224,2025-05-19,2025-08-18
Wheat,South,Sandy,Organic,Potassium-based,288.31,8.17,2355.49,363.7,1229,2025-03-18,2025-06-20
Rice,Midwest,Sandy,Conventional,Nitrogen-based,155.22,2.8,434.62,499.4,1802,2025-04-02,2025-08-31
Wheat,North,Silt,Conventional,None,469.77,2.24,1052.28,300.2,2101,2025-03-01,2025-08-06
Rice,North,Clay,Organic,Nitrogen-based,411.18,11.05,4543.54,471.7,3978,2025-05-15,2025-10-03
Corn,East,Silt,Conventional,None,491.95,3.5,1721.82,1016.0,4472,2025-03-06,2025-08-28
Wheat,East,Clay,Organic,Compost,137.24,10.12,1388.87,578.3,1906,2025-04-10,2025-07-13
Barley,Midwest,Sandy,Organic,Compost,485.16,7.22,3502.86,288.4,3047,2025-04-24,2025-09-19
Soybeans,North,Sandy,Conventional,None,221.3,2.32,513.42,542.2,3309,2025-03-05,2025-08-09
Rice,Midwest,Silt,Mixed,Potassium-based,180.28,11.53,2078.63,1181.4,2252,2025-04-28,2025-08-04
Soybeans,East,Peat,Organic,Nitrogen-based,34.67,4.09,141.8,829.7,4741,2025-05-19,2025-09-07
Soybeans,East,Silt,Conservation,Nitrogen-based,35.85,10.53,377.5,616.2,4305,2025-03-18,2025-07-12
Wheat,North,Clay,Conservation,Compost,349.09,3.27,1141.52,366.5,644,2025-04-18,2025-07-26
Soybeans,West,Silt,Conventional,None,234.39,10.47,2454.06,1186.2,2501,2025-05-21,2025-11-06
Barley,South,Loam,Mixed,Nitrogen-based,121.0,1.64,198.44,1020.8,4938,2025-05-04,2025-10-01
Soybeans,East,Clay,Conventional,Nitrogen-based,310.85,6.87,2135.54,481.5,2464,2025-05-22,2025-10-09
Wheat,East,Clay,Mixed,Potassium-based,133.9,9.58,1282.76,270.1,1389,2025-04-23,2025-07-31
Barley,West,Peat,Organic,Phosphorus-based,293.04,11.32,3317.21,256.6,3865,2025-04-30,2025-08-03
Corn,West,Sandy,Organic,Compost,186.01,11.05,2055.41,320.4,1975,2025-03-08,2025-08-06
Soybeans,Midwest,Clay,Organic,Compost,413.54,10.11,4180.89,780.8,4528,2025-03-03,2025-06-05
Wheat,Midwest,Sandy,Organic,Phosphorus-based,412.14,10.83,4463.48,1128.8,4787,2025-03-25,2025-08-31
Corn,South,Silt,Conservation,Nitrogen-based,243.9,3.59,875.6,696.7,882,2025-05-08,2025-10-07
Corn,South,Loam,Conservation,Potassium-based,181.9,4.48,814.91,1042.9,639,2025-04-24,2025-09-16
Rice,North,Peat,Conventional,Potassium-based,187.65,4.53,850.05,645.9,2882,2025-04-09,2025-09-04
Barley,Midwest,Sandy,Mixed,Compost,404.8,5.46,2210.21,908.6,2768,2025-05-22,2025-10-21
Soybeans,East,Clay,Organic,Potassium-based,170.81,5.63,961.66,931.9,4814,2025-05-21,2025-11-15
Wheat,Midwest,Sandy,Organic,Phosphorus-based,112.44,7.22,811.82,374.0,4037,2025-04-19,2025-09-14
Rice,East,Clay,Mixed,Nitrogen-based,51.5,3.18,163.77,561.2,3056,2025-06-25,2025-11-12
Barley,West,Sandy,Mixed,Phosphorus-based,238.68,8.76,2090.84,837.3,3822,2025-06-03,2025-10-20
Rice,Midwest,Clay,Conventional,None,246.24,3.26,802.74,270.7,3967,2025-04-02,2025-07-04
Barley,West,Silt,Mixed,Compost,422.05,4.76,2008.96,561.5,1933,2025-06-19,2025-11-03
Barley,South,Clay,Organic,Potassium-based,118.41,6.79,804.0,734.8,2246,2025-03-18,2025-07-17
Soybeans,South,Clay,Organic,None,196.69,9.86,1939.36,1196.2,2270,2025-04-26,2025-09-13
Barley,North,Loam,Organic,Potassium-based,406.12,9.26,3760.67,674.5,3491,2025-06-11,2025-10-30
Rice,Midwest,Clay,Organic,Nitrogen-based,413.58,8.28,3424.44,1016.1,1716,2025-03-16,2025-08-26
Barley,West,Loam,Organic,Nitrogen-based,198.46,3.14,623.16,632.1,4717,2025-05-19,2025-09-19
Soybeans,East,Peat,Conventional,Nitrogen-based,234.97,7.24,1701.18,996.4,1016,2025-06-19,2025-10-22
Soybeans,South,Loam,Organic,Potassium-based,158.61,2.42,383.84,795.4,4912,2025-04-07,2025-09-13
Rice,South,Silt,Conventional,None,466.95,5.46,2549.55,1086.6,2856,2025-04-10,2025-08-20
Corn,East,Loam,Organic,Nitrogen-based,68.14,5.84,397.94,610.9,2036,2025-03-07,2025-06-20
Corn,West,Peat,Conservation,None,467.54,1.92,897.68,804.3,4142,2025-05-17,2025-10-12
Barley,West,Silt,Conservation,Potassium-based,345.09,4.38,1511.49,830.0,3191,2025-06-15,2025-11-04
Wheat,Midwest,Sandy,Conservation,None,270.47,11.53,3118.52,617.4,4755,2025-04-22,2025-08-08
Barley,Midwest,Sandy,Conservation,Potassium-based,26.0,11.51,299.26,344.3,1068,2025-05-02,2025-10-27
Rice,North,Loam,Conventional,Potassium-based,243.04,5.2,1263.81,293.6,3464,2025-06-20,2025-10-28
Rice,South,Loam,Conventional,Compost,209.8,1.95,409.11,216.7,3303,2025-05-28,2025-11-14
Rice,Midwest,Peat,Mixed,Potassium-based,89.0,3.38,300.82,1073.5,989,2025-04-01,2025-08-15
Rice,West,Peat,Organic,Potassium-based,331.64,5.62,1863.82,436.5,892,2025-04-07,2025-08-28
Rice,East,Clay,Conservation,Phosphorus-based,485.86,11.45,5563.1,411.5,3558,2025-03-22,2025-08-13
Soybeans,West,Peat,Conventional,Nitrogen-based,285.47,2.98,850.7,936.0,1081,2025-03-16,2025-07-02
Corn,South,Clay,Organic,Compost,360.23,9.52,3429.39,520.0,3631,2025-04-21,2025-09-19
Rice,West,Silt,Organic,Compost,43.54,2.64,114.95,706.0,3629,2025-03-29,2025-08-24
Wheat,North,Loam,Conventional,Compost,214.66,11.8,2532.99,362.5,901,2025-03-16,2025-08-17
Wheat,South,Silt,Conservation,Phosphorus-based,67.02,5.51,369.28,1159.7,142,2025-05-15,2025-10-19
Wheat,East,Peat,Mixed,Potassium-based,310.27,9.64,2991.0,1051.6,3449,2025-03-17,2025-07-12
Wheat,North,Silt,Organic,Nitrogen-based,469.86,5.1,2396.29,1063.8,1877,2025-06-09,2025-09-24
Soybeans,South,Silt,Mixed,None,334.27,8.09,2704.24,606.8,3301,2025-05-03,2025-08-26
Wheat,East,Silt,Conservation,Potassium-based,47.63,3.52,167.66,962.4,449,2025-05-30,2025-09-15
Rice,North,Peat,Conservation,Phosphorus-based,183.79,3.03,556.88,343.9,1667,2025-05-28,2025-10-19
Barley,North,Silt,Mixed,Potassium-based,279.83,11.35,3176.07,208.6,1229,2025-03-13,2025-08-06
Wheat,South,Clay,Conservation,Potassium-based,207.57,11.14,2312.33,220.0,3059,2025-05-11,2025-08-14
Soybeans,Midwest,Peat,Organic,Phosphorus-based,418.49,10.82,4528.06,786.6,3887,2025-04-25,2025-07-24
Soybeans,North,Silt,Mixed,Compost,409.19,8.07,3302.16,655.4,1880,2025-03-05,2025-06-10
Wheat,North,Peat,Conservation,Compost,309.8,9.99,3094.9,718.0,683,2025-03-12,2025-07-30
Barley,East,Sandy,Mixed,Nitrogen-based,192.99,2.22,428.44,207.5,4627,2025-04-10,2025-10-01
Wheat,West,Clay,Organic,Nitrogen-based,135.11,5.02,678.25,622.7,3477,2025-03-03,2025-08-27
Soybeans,South,Silt,Conservation,Compost,61.88,4.79,296.41,918.1,3501,2025-06-07,2025-09-29
Corn,South,Sandy,Organic,None,183.9,8.17,1502.46,642.7,3285,2025-04-02,2025-08-16
Rice,Midwest,Sandy,Conservation,Potassium-based,212.45,5.24,1113.24,932.2,2294,2025-06-29,2025-11-20
Soybeans,Midwest,Peat,Conventional,None,341.15,3.06,1043.92,433.0,1262,2025-05-25,2025-10-25
Wheat,South,Sandy,Conservation,Potassium-based,332.5,7.76,2580.2,1013.1,398,2025-04-19,2025-10-08
Rice,Midwest,Clay,Mixed,Compost,44.35,10.05,445.72,788.4,3447,2025-04-25,2025-08-02
Wheat,East,Clay,Conservation,Nitrogen-based,203.68,5.51,1122.28,410.8,2039,2025-06-16,2025-11-08
Wheat,South,Loam,Organic,Nitrogen-based,99.07,2.89,286.31,436.7,888,2025-03-09,2025-06-18
Corn,Midwest,Clay,Organic,None,86.84,3.57,310.02,828.0,2989,2025-06-13,2025-10-13
Rice,South,Sandy,Conservation,Nitrogen-based,415.38,3.99,1657.37,1029.9,1477,2025-05-21,2025-10-28
Rice,West,Clay,Mixed,Compost,30.54,4.65,142.01,615.6,2049,2025-04-19,2025-08-03
Corn,North,Peat,Conventional,None,215.4,8.25,1777.05,458.3,3372,2025-03-29,2025-08-26
Soybeans,South,Loam,Mixed,Potassium-based,92.42,7.81,721.8,1067.0,977,2025-04-08,2025-07-16
Wheat,North,Sandy,Conventional,Nitrogen-based,440.87,8.81,3884.06,869.3,3842,2025-05-30,2025-09-27
Barley,Midwest,Loam,Organic,Phosphorus-based,282.95,5.31,1502.46,648.1,1677,2025-06-08,2025-11-04
Wheat,North,Sandy,Mixed,Nitrogen-based,123.38,10.15,1252.31,687.9,3239,2025-04-14,2025-09-20
Wheat,South,Peat,Conventional,Potassium-based,256.19,3.64,932.53,404.3,2592,2025-03-17,2025-07-01
Soybeans,West,Loam,Conservation,None,368.43,6.42,2365.32,826.8,2855,2025-04-25,2025-09-11
Wheat,Midwest,Silt,Organic,Potassium-based,479.48,9.91,4751.65,558.7,2003,2025-06-06,2025-10-10
Corn,South,Sandy,Conservation,Phosphorus-based,118.02,3.39,400.09,1195.6,1482,2025-04-15,2025-10-03
Corn,Midwest,Silt,Organic,Compost,444.23,2.65,1177.21,680.2,4340,2025-05-06,2025-10-04
Rice,East,Loam,Mixed,Nitrogen-based,467.81,10.78,5042.99,685.9,2422,2025-05-08,2025-11-03
Barley,North,Silt,Mixed,None,459.05,5.1,2341.15,765.9,2656,2025-03-14,2025-08-30
Wheat,East,Silt,Organic,Compost,321.35,8.68,2789.32,1116.8,1961,2025-05-06,2025-10-14
Wheat,South,Loam,Organic,Potassium-based,318.61,1.77,563.94,1000.8,1966,2025-03-23,2025-09-16
Soybeans,West,Peat,Organic,None,207.57,8.75,1816.24,651.1,4147,2025-06-11,2025-11-24
Corn,Midwest,Silt,Mixed,Compost,378.67,4.82,1825.19,918.7,3275,2025-06-02,2025-09-28
Barley,North,Silt,Conventional,None,270.33,2.09,564.99,786.2,1198,2025-06-22,2025-10-21
Rice,Midwest,Peat,Conservation,Phosphorus-based,341.94,7.9,2701.33,692.4,1834,2025-06-17,2025-12-11
Corn,South,Silt,Conservation,Phosphorus-based,219.94,4.03,886.36,392.3,4763,2025-04-30,2025-10-16
Rice,Midwest,Silt,Mixed,Nitrogen-based,368.43,5.56,2048.47,663.9,3516,2025-03-23,2025-07-01
Soybeans,North,Silt,Conservation,Nitrogen-based,413.99,2.35,972.88,445.8,4726,2025-03-27,2025-06-30
Soybeans,South,Clay,Organic,Phosphorus-based,81.75,3.05,249.34,1114.8,780,2025-04-23,2025-08-25
Wheat,Midwest,Peat,Conventional,None,418.14,4.63,1935.99,535.4,2170,2025-03-10,2025-07-10
Barley,West,Silt,Conservation,Phosphorus-based,274.75,2.44,670.39,1152.3,4924,2025-05-28,2025-09-12
Rice,South,Peat,Conventional,Nitrogen-based,423.89,11.06,4688.22,733.1,1829,2025-05-16,2025-09-19
Corn,South,Sandy,Organic,Phosphorus-based,221.34,1.56,345.29,831.5,2291,2025-03-16,2025-06-26
Soybeans,West,Sandy,Conservation,Phosphorus-based,195.73,6.58,1287.9,742.9,767,2025-04-10,2025-09-20
Wheat,East,Silt,Mixed,None,458.38,2.79,1278.88,329.4,1712,2025-06-06,2025-12-02
Wheat,North,Peat,Conventional,Compost,133.07,4.73,629.42,575.8,780,2025-04-24,2025-10-11
Rice,East,Peat,Organic,Nitrogen-based,423.66,11.22,4753.47,299.1,1072,2025-06-09,2025-11-09
Soybeans,Midwest,Peat,Conventional,None,247.17,3.2,790.94,823.0,2946,2025-04-30,2025-07-29
Barley,West,Clay,Conservation,Phosphorus-based,261.91,11.64,3048.63,646.9,2232,2025-05-25,2025-10-24
Soybeans,East,Sandy,Conservation,Phosphorus-based,161.15,3.66,589.81,978.0,2563,2025-05-20,2025-11-14
Rice,South,Peat,Mixed,Compost,290.79,9.29,2701.44,420.5,2629,2025-05-26,2025-09-26
Rice,Midwest,Peat,Organic,Nitrogen-based,169.35,7.24,1226.09,364.6,2603,2025-06-26,2025-10-03
Soybeans,Midwest,Clay,Organic,Nitrogen-based,29.24,10.79,315.5,606.3,4492,2025-06-08,2025-11-28
Rice,East,Clay,Mixed,Potassium-based,143.28,7.32,1048.81,1126.6,3283,2025-04-18,2025-07-23
Soybeans,East,Peat,Mixed,Nitrogen-based,13.13,7.11,93.35,910.4,4133,2025-05-12,2025-10-04
Corn,West,Loam,Organic,Compost,489.39,3.55,1737.33,618.9,3267,2025-04-21,2025-10-07
Soybeans,North,Peat,Conventional,Potassium-based,483.22,3.25,1570.46,717.3,3097,2025-03-02,2025-07-06
Soybeans,East,Peat,Conventional,Potassium-based,203.63,11.12,2264.37,284.2,3327,2025-06-04,2025-09-30
Rice,East,Clay,Mixed,Phosphorus-based,366.9,4.94,1812.49,1184.6,2252,2025-06-28,2025-10-07
Rice,South,Clay,Conventional,Phosphorus-based,179.44,5.41,970.77,866.4,1828,2025-04-19,2025-08-03
Wheat,Midwest,Peat,Organic,Nitrogen-based,338.84,9.48,3212.2,485.4,2124,2025-06-25,2025-11-09
Wheat,North,Peat,Conservation,Potassium-based,404.66,5.06,2047.58,785.8,429,2025-05-25,2025-11-14
Corn,South,Peat,Conservation,Phosphorus-based,473.91,11.5,5449.96,309.5,2586,2025-04-12,2025-08-05
Wheat,West,Clay,Conventional,Compost,206.1,9.25,1906.42,1165.8,1255,2025-05-16,2025-11-04
Soybeans,West,Peat,Mixed,Phosphorus-based,393.82,7.77,3059.98,374.8,1990,2025-03-08,2025-06-17
Rice,East,Peat,Mixed,Phosphorus-based,140.3,10.75,1508.22,848.0,4577,2025-04-28,2025-08-16
Wheat,East,Silt,Mixed,Potassium-based,495.26,2.02,1000.43,445.5,2285,2025-05-04,2025-09-12
Wheat,West,Loam,Mixed,Potassium-based,22.63,4.2,95.05,917.6,2417,2025-05-20,2025-10-17
Corn,East,Sandy,Mixed,None,305.73,6.38,1950.56,976.8,3721,2025-03-12,2025-08-06
Corn,North,Loam,Conventional,Compost,333.16,3.88,1292.66,873.4,4591,2025-03-04,2025-07-25
Soybeans,East,Silt,Conservation,Potassium-based,347.14,9.31,3231.87,814.5,2611,2025-06-25,2025-10-26
Rice,Midwest,Sandy,Conservation,Nitrogen-based,68.99,11.15,769.24,1092.5,549,2025-05-16,2025-08-20
Corn,East,Peat,Conventional,Compost,469.88,5.95,2795.79,278.6,1454,2025-06-03,2025-10-05
Wheat,South,Silt,Mixed,Compost,98.78,5.09,502.79,530.9,1393,2025-04-10,2025-07-23
Rice,North,Peat,Conventional,Potassium-based,315.15,11.6,3655.74,448.3,2565,2025-03-07,2025-08-08
Rice,South,Clay,Conservation,Compost,119.11,6.17,734.91,1188.0,3202,2025-05-26,2025-11-21
Wheat,South,Silt,Organic,Potassium-based,160.54,6.64,1065.99,589.4,1949,2025-05-27,2025-09-18
Corn,Midwest,Clay,Conventional,Phosphorus-based,277.76,5.19,1441.57,932.6,3275,2025-05-08,2025-10-03
Wheat,North,Silt,Mixed,None,214.42,11.05,2369.34,884.7,4381,2025-05-08,2025-10-23
Rice,North,Silt,Conservation,Phosphorus-based,88.51,7.47,661.17,412.1,3299,2025-05-20,2025-11-11
Barley,North,Clay,Conservation,Potassium-based,93.76,9.5,890.72,439.0,1333,2025-03-30,2025-07-03
Barley,North,Sandy,Conservation,Potassium-based,214.89,10.02,2153.2,481.3,1537,2025-05-12,2025-09-30
Soybeans,North,Loam,Conservation,Phosphorus-based,381.07,5.09,1939.65,611.1,3452,2025-03-06,2025-08-21
Wheat,Midwest,Peat,Mixed,Nitrogen-based,450.0,6.05,2722.5,434.3,4130,2025-05-28,2025-11-21
Wheat,East,Silt,Organic,Nitrogen-based,51.22,10.41,533.2,219.7,352,2025-03-19,2025-07-07
Soybeans,South,Peat,Conservation,Nitrogen-based,202.62,5.31,1075.91,1079.4,118,2025-05-19,2025-10-26
Soybeans,North,Clay,Conventional,Potassium-based,59.12,9.84,581.74,1165.6,2859,2025-05-24,2025-09-22
Soybeans,East,Peat,Organic,Compost,18.13,11.38,206.32,541.6,322,2025-05-05,2025-09-24
Rice,East,Clay,Conservation,Potassium-based,334.24,8.04,2687.29,538.5,102,2025-03-10,2025-08-05
Wheat,South,Peat,Organic,Compost,305.2,9.29,2835.31,207.1,1359,2025-03-16,2025-08-21
Rice,Midwest,Loam,Conventional,Phosphorus-based,89.88,9.95,894.31,880.3,4423,2025-04-06,2025-09-04
Soybeans,West,Loam,Conservation,None,124.57,10.37,1291.79,1025.4,4694,2025-05-18,2025-08-19
Wheat,West,Loam,Conventional,Compost,21.62,5.65,122.15,346.6,2668,2025-05-16,2025-11-07
Rice,East,Loam,Mixed,Nitrogen-based,419.12,2.04,855.0,359.7,1985,2025-05-16,2025-08-31
Rice,South,Loam,Conservation,Potassium-based,487.6,5.72,2789.07,990.1,1399,2025-04-01,2025-09-18
Soybeans,West,Loam,Conservation,Phosphorus-based,76.38,8.57,654.58,816.3,2438,2025-06-17,2025-11-09
Wheat,East,Clay,Conservation,Nitrogen-based,123.42,6.23,768.91,244.9,1176,2025-04-16,2025-08-07
Soybeans,Midwest,Silt,Conservation,Phosphorus-based,435.52,9.36,4076.47,822.5,3858,2025-06-18,2025-11-20
Wheat,West,Peat,Mixed,None,463.97,5.25,2435.84,508.9,3281,2025-05-11,2025-08-21
Barley,East,Loam,Conservation,Potassium-based,215.62,8.16,1759.46,568.7,4910,2025-04-12,2025-09-10
Corn,East,Clay,Organic,Potassium-based,34.81,3.46,120.44,969.7,1047,2025-05-21,2025-10-11
Corn,North,Clay,Conservation,None,29.3,9.37,274.54,1010.9,3838,2025-06-28,2025-10-10
Corn,Midwest,Clay,Mixed,Potassium-based,291.24,7.23,2105.67,600.4,2831,2025-04-05,2025-09-10
Soybeans,North,Silt,Conservation,Compost,202.52,3.64,737.17,1147.2,4107,2025-03-26,2025-06-26
Barley,South,Peat,Organic,Phosphorus-based,24.04,4.57,109.86,606.5,969,2025-03-10,2025-07-14
Wheat,North,Silt,Mixed,Nitrogen-based,295.79,9.36,2768.59,971.8,193,2025-03-31,2025-08-04
Rice,North,Sandy,Mixed,None,15.54,6.57,102.1,683.9,3087,2025-06-05,2025-09-05
Wheat,West,Clay,Organic,Compost,395.81,3.77,1492.2,1097.5,4755,2025-03-29,2025-08-28
Rice,East,Sandy,Organic,Nitrogen-based,160.15,11.66,1867.35,1107.8,1875,2025-03-05,2025-07-07
Wheat,Midwest,Loam,Organic,Nitrogen-based,29.73,9.01,267.87,287.4,2360,2025-05-16,2025-10-04
Barley,North,Loam,Organic,None,298.29,11.55,3445.25,1136.5,535,2025-03-01,2025-08-24
Rice,Midwest,Silt,Organic,Compost,204.87,5.98,1225.12,1025.5,4400,2025-05-26,2025-09-20
Soybeans,North,Peat,Mixed,Nitrogen-based,487.16,6.49,3161.67,991.3,3244,2025-06-12,2025-09-27
Wheat,South,Sandy,Mixed,Nitrogen-based,276.66,10.93,3023.89,400.9,3687,2025-03-03,2025-07-06
Wheat,North,Peat,Conservation,Compost,144.87,7.01,1015.54,1005.1,176,2025-05-06,2025-09-05
Rice,West,Silt,Conservation,Potassium-based,357.63,8.93,3193.64,1050.1,915,2025-05-10,2025-10-10
Soybeans,East,Loam,Conventional,Nitrogen-based,143.03,4.15,593.57,489.2,867,2025-06-08,2025-10-01
Soybeans,South,Peat,Conservation,Phosphorus-based,453.08,6.19,2804.57,1152.3,3785,2025-04-04,2025-08-19
Barley,North,Peat,Conservation,Compost,193.61,2.8,542.11,249.9,205,2025-03-15,2025-07-22
Soybeans,Midwest,Loam,Organic,Nitrogen-based,279.44,3.66,1022.75,349.9,4016,2025-06-12,2025-09-26
Soybeans,South,Sandy,Organic,None,34.78,1.51,52.52,737.6,2973,2025-05-06,2025-09-12
Soybeans,South,Loam,Conservation,Phosphorus-based,218.8,1.91,417.91,775.8,3446,2025-06-01,2025-09-05
Corn,North,Peat,Conventional,Nitrogen-based,417.86,11.76,4914.03,845.2,3248,2025-03-30,2025-08-23
Barley,South,Sandy,Organic,Phosphorus-based,404.77,4.04,1635.27,217.0,3248,2025-06-11,2025-09-16
Wheat,Midwest,Sandy,Conservation,Phosphorus-based,119.92,8.46,1014.52,1160.4,1565,2025-05-21,2025-10-13
Rice,South,Loam,Conservation,Potassium-based,120.78,10.31,1245.24,244.6,2687,2025-05-14,2025-09-11
Wheat,Midwest,Peat,Mixed,Phosphorus-based,410.48,7.28,2988.29,343.1,344,2025-04-12,2025-09-07
Barley,North,Silt,Conventional,Potassium-based,465.9,3.11,1448.95,214.0,2725,2025-06-21,2025-11-15
Rice,East,Peat,Mixed,Compost,56.73,9.15,519.08,766.9,3949,2025-04-29,2025-08-08
Barley,South,Clay,Conventional,Potassium-based,230.53,7.8,1798.13,1132.3,1505,2025-06-10,2025-10-25
Soybeans,East,Silt,Organic,None,175.35,9.18,1609.71,865.9,1081,2025-04-09,2025-08-07
Rice,Midwest,Sandy,Conventional,Nitrogen-based,436.64,9.58,4183.01,1022.7,3908,2025-05-04,2025-10-23
Soybeans,South,Silt,Conservation,Compost,50.93,11.74,597.92,213.3,241,2025-03-29,2025-08-28
Wheat,West,Sandy,Conservation,Compost,113.45,7.52,853.14,742.0,992,2025-05-13,2025-10-23
Wheat,East,Sandy,Conventional,None,378.71,5.09,1927.63,659.6,2499,2025-05-31,2025-10-06
Rice,South,Silt,Conventional,Potassium-based,35.13,8.31,291.93,699.0,4740,2025-06-29,2025-12-11
Rice,East,Sandy,Conventional,Nitrogen-based,251.34,2.22,557.97,272.2,3060,2025-06-03,2025-09-20
Barley,South,Sandy,Mixed,Potassium-based,226.63,10.92,2474.8,884.4,2299,2025-03-19,2025-08-03
Barley,North,Clay,Conventional,Phosphorus-based,173.86,2.75,478.12,703.2,1569,2025-03-03,2025-08-10
Soybeans,East,Peat,Organic,Potassium-based,203.34,4.94,1004.5,965.1,2800,2025-04-05,2025-08-26
Rice,West,Peat,Mixed,Compost,269.67,10.07,2715.58,685.3,3105,2025-04-12,2025-09-26
Wheat,West,Clay,Mixed,Nitrogen-based,89.07,7.77,692.07,349.4,4958,2025-03-15,2025-08-26
Barley,Midwest,Silt,Conventional,Potassium-based,290.28,5.63,1634.28,848.3,3474,2025-06-05,2025-11-12
Barley,South,Loam,Organic,Nitrogen-based,404.66,6.47,2618.15,372.4,4819,2025-04-10,2025-08-06
Wheat,East,Loam,Mixed,Nitrogen-based,382.48,10.47,4004.57,1072.4,755,2025-06-15,2025-11-25
Barley,Midwest,Loam,Conservation,Phosphorus-based,85.41,5.07,433.03,813.1,2868,2025-06-23,2025-12-02
Soybeans,East,Clay,Mixed,Phosphorus-based,83.13,10.63,883.67,357.2,142,2025-06-17,2025-11-01
Rice,South,Clay,Conventional,Compost,141.41,2.43,343.63,1162.3,2411,2025-05-29,2025-11-08
Wheat,West,Sandy,Organic,None,186.93,9.66,1805.74,718.4,1760,2025-05-19,2025-11-07
Rice,North,Loam,Conventional,Nitrogen-based,210.14,10.4,2185.46,272.9,4791,2025-04-05,2025-08-28
Barley,West,Silt,Conservation,None,343.05,3.41,1169.8,826.8,2324,2025-06-05,2025-09-19
Barley,Midwest,Silt,Conservation,Compost,37.77,6.02,227.38,453.2,2210,2025-05-23,2025-08-29
Wheat,North,Loam,Conservation,Nitrogen-based,26.99,3.24,87.45,1003.7,1057,2025-05-16,2025-09-16
Soybeans,Midwest,Loam,Conventional,Nitrogen-based,202.04,8.92,1802.2,1017.8,660,2025-04-02,2025-08-14
Corn,South,Loam,Mixed,None,351.61,7.12,2503.46,1178.9,1430,2025-03-05,2025-08-29
Wheat,North,Clay,Conventional,Potassium-based,104.78,8.17,856.05,701.9,1412,2025-06-09,2025-09-15
Corn,Midwest,Clay,Organic,Phosphorus-based,324.34,3.56,1154.65,655.0,1921,2025-05-17,2025-08-21
Corn,South,Clay,Mixed,Potassium-based,137.32,3.72,510.83,953.5,3102,2025-05-30,2025-09-12
Soybeans,West,Peat,Conservation,None,444.18,1.94,861.71,332.5,3503,2025-05-26,2025-09-11
Corn,South,Silt,Conventional,Phosphorus-based,448.89,4.88,2190.58,746.9,2751,2025-03-14,2025-06-17
Corn,East,Silt,Conservation,Potassium-based,155.67,7.38,1148.84,746.2,1914,2025-06-12,2025-09-20
Soybeans,South,Sandy,Conservation,Phosphorus-based,122.7,10.51,1289.58,289.5,1841,2025-05-07,2025-10-19
Corn,South,Clay,Organic,Nitrogen-based,211.54,8.5,1798.09,618.0,4801,2025-06-11,2025-11-08
Corn,East,Peat,Mixed,Potassium-based,127.86,6.07,776.11,1053.3,3908,2025-06-24,2025-11-02
Corn,Midwest,Peat,Organic,Phosphorus-based,339.47,11.51,3907.3,1056.2,2977,2025-05-22,2025-09-01
Wheat,Midwest,Silt,Organic,Phosphorus-based,414.77,9.05,3753.67,299.2,3370,2025-04-16,2025-07-26
Wheat,South,Clay,Organic,Phosphorus-based,339.82,11.27,3829.77,290.7,4183,2025-04-23,2025-10-14
Wheat,East,Sandy,Conservation,Potassium-based,413.93,7.04,2914.07,462.7,845,2025-03-04,2025-08-14
Soybeans,East,Clay,Organic,Compost,204.53,4.22,863.12,1074.8,657,2025-06-02,2025-09-19
Barley,West,Loam,Organic,Potassium-based,86.6,2.05,177.53,328.9,3401,2025-05-22,2025-10-08
Corn,Midwest,Clay,Mixed,None,371.6,9.12,3388.99,920.0,1041,2025-06-03,2025-10-06
Corn,North,Loam,Mixed,Potassium-based,186.63,2.77,516.97,301.2,4123,2025-06-03,2025-11-27
Soybeans,Midwest,Loam,Organic,Phosphorus-based,338.92,4.68,1586.15,823.1,2396,2025-03-09,2025-08-14
Corn,Midwest,Sandy,Mixed,Nitrogen-based,142.62,7.09,1011.18,556.1,1039,2025-04-22,2025-08-26
Wheat,West,Silt,Mixed,Potassium-based,49.8,7.43,370.01,988.9,1710,2025-05-16,2025-08-25
Barley,North,Clay,Organic,Potassium-based,496.37,7.81,3876.65,433.7,1825,2025-05-17,2025-09-23
Rice,West,Loam,Conservation,Phosphorus-based,86.54,3.25,281.26,839.2,1084,2025-06-27,2025-11-17
Corn,North,Clay,Organic,Nitrogen-based,494.33,5.49,2713.87,435.7,1687,2025-04-29,2025-07-29
Wheat,South,Silt,Mixed,Nitrogen-based,488.87,7.98,3901.18,913.7,4121,2025-04-15,2025-09-01
Rice,North,Silt,Conservation,None,398.97,11.68,4659.97,1073.7,1436,2025-04-23,2025-08-31
Barley,West,Peat,Conventional,Potassium-based,333.12,9.14,3044.72,326.8,3237,2025-05-13,2025-09-24
Rice,Midwest,Silt,Conservation,Nitrogen-based,293.13,11.19,3280.12,1066.6,761,2025-06-20,2025-09-26
Wheat,North,Sandy,Mixed,Nitrogen-based,434.39,9.5,4126.7,793.6,132,2025-06-03,2025-11-01
Rice,North,Loam,Conservation,Compost,151.83,7.71,1170.61,327.1,3514,2025-04-06,2025-09-28
Soybeans,East,Peat,Organic,Compost,239.16,3.52,841.84,627.5,1256,2025-03-23,2025-08-06
Rice,Midwest,Sandy,Conventional,Nitrogen-based,313.5,8.5,2664.75,360.9,3226,2025-03-27,2025-06-29
Corn,South,Clay,Conventional,None,211.48,8.05,1702.41,900.3,160,2025-05-09,2025-10-21
Corn,West,Loam,Conventional,Nitrogen-based,219.47,7.83,1718.45,958.9,4028,2025-05-29,2025-08-27
Soybeans,South,Silt,Mixed,Phosphorus-based,171.84,6.64,1141.02,305.8,1643,2025-05-05,2025-09-15
Wheat,Midwest,Loam,Mixed,Potassium-based,286.47,7.05,2019.61,706.1,371,2025-06-17,2025-10-06
Corn,North,Clay,Conventional,None,426.78,5.01,2138.17,1014.6,4176,2025-04-30,2025-09-04
Barley,North,Peat,Conservation,Phosphorus-based,108.75,6.95,755.81,1136.2,3488,2025-05-16,2025-09-01
Corn,Midwest,Peat,Conventional,None,467.87,3.57,1670.3,713.5,2852,2025-04-20,2025-10-06
Corn,North,Peat,Conservation,Phosphorus-based,347.65,9.95,3459.12,1150.3,2809,2025-04-19,2025-08-17
Wheat,North,Silt,Conservation,Potassium-based,413.4,3.45,1426.23,735.7,1254,2025-03-19,2025-08-22
Rice,North,Sandy,Mixed,Potassium-based,282.53,2.39,675.25,594.2,4505,2025-03-01,2025-08-24
Corn,West,Sandy,Conservation,Compost,391.96,6.08,2383.12,1048.2,3953,2025-04-09,2025-08-18
Soybeans,West,Loam,Conventional,Phosphorus-based,17.94,8.41,150.88,693.0,1845,2025-04-01,2025-09-19
Rice,East,Silt,Mixed,Compost,411.01,6.1,2507.16,671.9,3532,2025-03-22,2025-07-15
Barley,South,Peat,Organic,Phosphorus-based,29.67,4.41,130.84,690.3,437,2025-06-20,2025-09-30
Wheat,Midwest,Peat,Organic,Compost,446.06,7.36,3283.0,1046.8,109,2025-06-01,2025-10-26
Barley,Midwest,Clay,Mixed,Potassium-based,496.06,5.14,2549.75,1031.9,4244,2025-05-05,2025-08-20
Rice,Midwest,Clay,Conventional,None,154.09,11.3,1741.22,603.5,830,2025-04-09,2025-09-12
Rice,East,Peat,Organic,Compost,113.06,11.19,1265.14,533.3,4990,2025-04-07,2025-09-30
Rice,West,Peat,Organic,Phosphorus-based,385.03,6.77,2606.65,691.9,1748,2025-04-17,2025-07-18
Barley,East,Silt,Conservation,Phosphorus-based,133.98,4.94,661.86,772.8,4328,2025-04-24,2025-09-15
Rice,Midwest,Sandy,Conservation,Potassium-based,434.13,9.24,4011.36,438.3,3754,2025-05-14,2025-11-08
Barley,South,Clay,Conventional,Phosphorus-based,60.39,1.89,114.14,994.0,2230,2025-05-20,2025-10-14
Rice,North,Sandy,Mixed,Nitrogen-based,71.72,6.49,465.46,686.5,4571,2025-04-24,2025-09-23
Soybeans,West,Silt,Conventional,None,489.78,5.03,2463.59,534.0,2496,2025-04-20,2025-09-08
Rice,West,Peat,Mixed,Compost,340.18,11.17,3799.81,306.8,4466,2025-06-15,2025-12-10
Barley,East,Sandy,Organic,None,424.97,1.63,692.7,438.8,1606,2025-04-29,2025-08-20
Corn,West,Peat,Conservation,Potassium-based,168.92,7.3,1233.12,1149.3,2258,2025-03-08,2025-08-16
Rice,Midwest,Peat,Conventional,Compost,341.48,9.28,3168.93,505.1,3016,2025-05-25,2025-08-31
Corn,Midwest,Loam,Conventional,Compost,301.18,6.59,1984.78,368.9,4271,2025-05-07,2025-09-10
Soybeans,East,Sandy,Mixed,Nitrogen-based,305.54,2.4,733.3,660.7,3329,2025-05-14,2025-11-02
Wheat,Midwest,Sandy,Mixed,Potassium-based,344.44,11.71,4033.39,507.1,3703,2025-05-11,2025-09-30
Soybeans,South,Peat,Conventional,Phosphorus-based,291.93,6.94,2025.99,235.2,1766,2025-03-09,2025-08-25
Rice,East,Silt,Mixed,Nitrogen-based,220.24,7.95,1750.91,523.1,4524,2025-05-29,2025-09-19
Corn,South,Loam,Conventional,Nitrogen-based,145.2,3.98,577.9,744.1,4236,2025-03-02,2025-06-20
Corn,North,Peat,Conventional,None,386.6,6.58,2543.83,751.7,3069,2025-05-19,2025-09-25
Barley,South,Clay,Conventional,None,120.87,6.01,726.43,556.6,2789,2025-06-03,2025-11-01
Corn,North,Clay,Organic,None,349.25,2.29,799.78,647.3,2426,2025-05-09,2025-10-15
Barley,North,Loam,Mixed,Nitrogen-based,124.33,2.61,324.5,1165.5,2910,2025-06-25,2025-11-30
Wheat,South,Silt,Conservation,Phosphorus-based,316.41,10.29,3255.86,577.3,2616,2025-05-24,2025-09-04
Rice,East,Peat,Conservation,Compost,376.07,4.02,1511.8,458.2,3571,2025-05-29,2025-10-07
Barley,Midwest,Sandy,Mixed,None,117.17,3.55,415.95,443.5,112,2025-04-28,2025-09-14
Wheat,Midwest,Loam,Conventional,Phosphorus-based,39.37,6.8,267.72,657.8,3070,2025-03-19,2025-08-16
Corn,North,Silt,Conservation,Potassium-based,74.18,9.57,709.9,959.5,3721,2025-03-28,2025-06-29
Corn,North,Sandy,Conservation,None,306.94,2.15,659.92,406.0,3783,2025-05-11,2025-10-19
Wheat,East,Clay,Mixed,Compost,426.23,7.56,3222.3,909.3,3573,2025-03-14,2025-09-07
Corn,West,Clay,Conservation,Potassium-based,32.05,2.75,88.14,221.1,3222,2025-03-24,2025-09-04
Wheat,South,Sandy,Conventional,Potassium-based,369.73,1.88,695.09,618.9,3564,2025-06-20,2025-10-04
Barley,North,Loam,Mixed,Compost,177.25,2.05,363.36,975.9,752,2025-04-13,2025-10-04
Barley,Midwest,Clay,Conventional,None,244.48,10.26,2508.36,538.7,720,2025-06-09,2025-11-02
Wheat,East,Peat,Conservation,Nitrogen-based,465.14,2.74,1274.48,763.7,3890,2025-04-25,2025-10-21
Barley,South,Sandy,Conservation,Compost,172.67,1.97,340.16,405.0,1745,2025-05-29,2025-10-13
Barley,East,Sandy,Conventional,Compost,238.02,6.1,1451.92,942.0,2343,2025-06-03,2025-10-14
Barley,South,Clay,Organic,Compost,16.7,10.36,173.01,252.3,4612,2025-06-28,2025-11-09
Soybeans,South,Loam,Conservation,Potassium-based,49.98,4.26,212.91,1052.5,4859,2025-04-20,2025-10-06
Rice,North,Peat,Organic,Phosphorus-based,136.71,5.93,810.69,398.2,3591,2025-04-01,2025-09-27
Corn,East,Loam,Conservation,Nitrogen-based,23.65,1.92,45.41,1074.4,3811,2025-04-19,2025-08-19
Soybeans,East,Silt,Organic,None,319.37,6.22,1986.48,552.5,3788,2025-04-10,2025-08-08
Barley,Midwest,Silt,Organic,None,218.94,7.56,1655.19,922.7,1479,2025-05-05,2025-09-18
Wheat,Midwest,Clay,Organic,Phosphorus-based,278.59,7.49,2086.64,519.2,4343,2025-03-25,2025-06-28
Barley,North,Clay,Conventional,Compost,95.58,4.99,476.94,1105.9,2145,2025-06-24,2025-12-02
Rice,North,Clay,Organic,Nitrogen-based,155.01,4.81,745.6,326.6,3148,2025-06-16,2025-11-23
Barley,West,Silt,Organic,None,335.27,2.62,878.41,378.5,1488,2025-04-30,2025-08-31
Wheat,Midwest,Loam,Organic,None,483.0,5.35,2584.05,693.0,501,2025-05-05,2025-09-24
Rice,South,Loam,Conservation,Compost,34.7,2.54,88.14,281.9,2753,2025-04-11,2025-07-23
Barley,East,Clay,Organic,Phosphorus-based,446.29,9.55,4262.07,396.0,4424,2025-05-04,2025-08-17
Rice,North,Peat,Conservation,Nitrogen-based,292.67,11.65,3409.61,1143.8,4023,2025-04-05,2025-08-15
Corn,East,Loam,Organic,Phosphorus-based,286.32,11.69,3347.08,1176.5,367,2025-06-29,2025-12-08
Corn,East,Silt,Organic,Phosphorus-based,255.14,10.58,2699.38,576.3,4321,2025-05-15,2025-10-25
Barley,West,Sandy,Conventional,Nitrogen-based,44.0,7.81,343.64,1123.3,1825,2025-03-09,2025-08-26
Rice,Midwest,Sandy,Conservation,Nitrogen-based,54.04,8.86,478.79,744.8,1212,2025-04-05,2025-07-15
Wheat,North,Sandy,Organic,None,304.45,4.49,1366.98,469.7,2775,2025-06-13,2025-11-19
Barley,East,Peat,Conservation,None,177.07,8.12,1437.81,902.4,4884,2025-05-31,2025-09-16
Corn,North,Clay,Conservation,Nitrogen-based,459.46,6.28,2885.41,858.9,1380,2025-04-07,2025-08-15
Corn,South,Silt,Mixed,Potassium-based,209.23,6.56,1372.55,1189.1,1332,2025-04-02,2025-08-22
Barley,West,Peat,Conventional,None,80.21,9.46,758.79,465.0,4476,2025-04-11,2025-08-07
Rice,South,Silt,Conventional,Potassium-based,360.21,4.46,1606.54,872.1,4638,2025-04-30,2025-10-06
Corn,North,Silt,Conventional,Nitrogen-based,153.74,4.84,744.1,252.0,1963,2025-04-15,2025-09-10
Rice,North,Clay,Mixed,None,267.48,11.21,2998.45,313.6,4584,2025-05-25,2025-11-19
Corn,Midwest,Sandy,Mixed,Phosphorus-based,351.94,2.09,735.55,203.9,716,2025-05-28,2025-10-28
Corn,East,Clay,Conventional,Nitrogen-based,451.13,6.6,2977.46,1199.5,246,2025-04-30,2025-08-21
Soybeans,East,Peat,Mixed,Compost,398.17,11.08,4411.72,1002.3,4716,2025-03-18,2025-09-12
Corn,South,Peat,Mixed,Potassium-based,341.42,7.91,2700.63,986.7,4825,2025-05-09,2025-08-22
Wheat,West,Peat,Mixed,Nitrogen-based,343.02,7.24,2483.46,709.7,3777,2025-05-21,2025-10-09
Barley,East,Clay,Conventional,Nitrogen-based,473.5,4.12,1950.82,500.1,388,2025-06-24,2025-12-10
Barley,Midwest,Silt,Conventional,None,154.95,5.1,790.24,351.3,1509,2025-05-19,2025-08-22
Rice,South,Silt,Conventional,None,10.54,10.45,110.14,484.7,113,2025-03-15,2025-07-19
Corn,South,Loam,Mixed,None,143.26,7.37,1055.83,576.0,356,2025-04-17,2025-10-08
Wheat,Midwest,Peat,Conventional,Compost,116.77,6.9,805.71,956.3,1821,2025-05-11,2025-08-12
Rice,West,Silt,Mixed,None,334.3,2.55,852.46,739.7,1523,2025-03-13,2025-07-18
Soybeans,Midwest,Loam,Organic,Nitrogen-based,320.52,1.67,535.27,277.5,3090,2025-06-27,2025-11-04
Rice,West,Silt,Mixed,None,300.8,11.62,3495.3,218.0,1295,2025-04-12,2025-09-29
Rice,Midwest,Peat,Conservation,Phosphorus-based,17.96,5.46,98.06,302.3,4659,2025-04-29,2025-08-10
Corn,Midwest,Sandy,Conventional,None,367.1,7.83,2874.39,610.5,4465,2025-04-26,2025-10-03
Soybeans,North,Peat,Conventional,Compost,168.53,2.34,394.36,1133.2,1344,2025-05-10,2025-11-01
Rice,South,Clay,Conservation,Phosphorus-based,335.88,8.67,2912.08,837.4,3323,2025-03-17,2025-08-04
Wheat,Midwest,Silt,Mixed,Nitrogen-based,282.72,11.29,3191.91,1001.8,3570,2025-04-19,2025-09-20
Wheat,Midwest,Silt,Organic,Nitrogen-based,177.94,7.54,1341.67,666.4,4267,2025-04-01,2025-08-20
Barley,East,Clay,Conservation,Potassium-based,75.94,2.82,214.15,561.7,4069,2025-03-22,2025-07-19
Soybeans,South,Clay,Conservation,Phosphorus-based,56.27,7.61,428.21,308.4,1406,2025-04-24,2025-09-17
Soybeans,East,Sandy,Mixed,Potassium-based,417.44,9.55,3986.55,1075.9,2221,2025-06-23,2025-12-08
Barley,South,Silt,Conventional,Phosphorus-based,460.01,5.77,2654.26,983.2,2502,2025-04-26,2025-10-14
Rice,East,Silt,Mixed,Phosphorus-based,328.4,10.74,3527.02,368.1,596,2025-03-13,2025-07-10
Soybeans,Midwest,Sandy,Conservation,Compost,60.68,8.31,504.25,712.3,3499,2025-04-16,2025-08-25
Wheat,Midwest,Loam,Conservation,Potassium-based,206.99,10.94,2264.47,687.4,3706,2025-05-26,2025-09-03
Wheat,North,Sandy,Conventional,Compost,367.18,8.05,2955.8,825.1,1009,2025-05-01,2025-08-25
Corn,East,Peat,Conventional,Phosphorus-based,392.11,2.88,1129.28,1146.2,472,2025-04-23,2025-08-14
Soybeans,West,Silt,Conventional,Nitrogen-based,67.93,4.75,322.67,779.8,4557,2025-03-29,2025-08-04
Rice,North,Clay,Mixed,Phosphorus-based,10.02,3.62,36.27,740.2,1444,2025-03-22,2025-08-30
Barley,East,Peat,Conventional,Compost,358.95,11.04,3962.81,250.3,423,2025-05-04,2025-08-19
Barley,East,Silt,Conservation,Potassium-based,184.73,9.48,1751.24,262.9,2531,2025-03-29,2025-09-11
Rice,North,Sandy,Conservation,Potassium-based,134.7,8.6,1158.42,387.3,4770,2025-04-17,2025-08-29
Corn,Midwest,Peat,Organic,Compost,16.32,4.66,76.05,232.5,4931,2025-03-05,2025-08-29
Barley,East,Silt,Mixed,Potassium-based,274.75,3.43,942.39,943.4,2884,2025-04-04,2025-09-27
Soybeans,Midwest,Loam,Organic,None,427.06,9.44,4031.45,923.3,2493,2025-06-27,2025-10-06
Corn,North,Loam,Conservation,Nitrogen-based,479.24,6.48,3105.48,336.1,4020,2025-05-13,2025-09-28
Soybeans,Midwest,Clay,Organic,Nitrogen-based,287.22,3.87,1111.54,1036.1,1315,2025-05-22,2025-09-19
Wheat,South,Silt,Conservation,Nitrogen-based,262.09,7.97,2088.86,354.8,1795,2025-06-09,2025-09-28
Corn,West,Loam,Organic,Potassium-based,51.68,1.92,99.23,501.2,2007,2025-05-10,2025-09-20
Barley,East,Sandy,Conventional,Potassium-based,278.95,4.92,1372.43,449.0,4914,2025-04-15,2025-09-15
Corn,West,Silt,Organic,Phosphorus-based,196.19,6.42,1259.54,572.3,880,2025-04-04,2025-09-17
Corn,Midwest,Sandy,Conventional,Phosphorus-based,307.5,3.05,937.88,454.7,1119,2025-04-14,2025-08-06
Corn,East,Sandy,Conventional,Nitrogen-based,200.48,11.84,2373.68,689.0,3365,2025-03-13,2025-07-31
Corn,Midwest,Loam,Mixed,None,127.75,3.7,472.68,607.4,1503,2025-03-10,2025-06-14
Soybeans,South,Silt,Conventional,Phosphorus-based,56.53,2.87,162.24,1186.6,1526,2025-05-05,2025-08-08
Wheat,North,Peat,Conventional,Phosphorus-based,164.31,3.64,598.09,255.9,763,2025-05-09,2025-08-30
Rice,East,Loam,Organic,Potassium-based,57.36,9.58,549.51,342.2,2747,2025-05-11,2025-08-27
Corn,South,Loam,Conservation,None,96.68,5.97,577.18,252.8,110,2025-06-08,2025-11-27
Barley,South,Silt,Mixed,Nitrogen-based,493.79,7.44,3673.8,825.8,1138,2025-03-25,2025-07-01
Corn,East,Silt,Conventional,Phosphorus-based,227.61,1.72,391.49,254.5,2925,2025-04-13,2025-08-16
Barley,Midwest,Sandy,Mixed,None,270.62,1.86,503.35,1036.4,3103,2025-04-29,2025-09-05
Soybeans,South,Silt,Organic,None,438.07,6.18,2707.27,711.9,4780,2025-04-16,2025-08-07
Barley,West,Sandy,Conventional,Nitrogen-based,497.83,10.07,5013.15,727.0,1175,2025-04-09,2025-08-24
Rice,South,Loam,Organic,None,295.53,10.8,3191.72,761.6,3188,2025-03-07,2025-08-06
Wheat,Midwest,Clay,Mixed,None,408.11,2.41,983.55,370.8,1889,2025-04-15,2025-09-20
Barley,Midwest,Peat,Organic,None,170.2,7.15,1216.93,397.7,3136,2025-03-23,2025-08-12
Barley,West,Loam,Mixed,Phosphorus-based,159.81,11.09,1772.29,518.8,4938,2025-05-22,2025-10-12
Wheat,South,Silt,Organic,Nitrogen-based,207.32,5.57,1154.77,793.5,3753,2025-04-15,2025-08-24
Rice,Midwest,Peat,Mixed,None,339.53,10.21,3466.6,410.1,3275,2025-05-25,2025-10-06
Corn,East,Clay,Conservation,None,344.27,2.9,998.38,316.3,4399,2025-03-13,2025-09-08
Barley,North,Clay,Organic,Phosphorus-based,164.47,11.32,1861.8,1170.1,1176,2025-03-21,2025-07-02
Wheat,North,Sandy,Organic,Nitrogen-based,75.27,9.39,706.79,222.0,1073,2025-03-01,2025-06-27
Soybeans,North,Peat,Conservation,Potassium-based,319.87,11.38,3640.12,1002.7,1965,2025-03-19,2025-06-22
Wheat,South,Sandy,Conservation,Phosphorus-based,72.88,8.6,626.77,988.0,3225,2025-04-29,2025-08-03
Soybeans,West,Loam,Organic,Nitrogen-based,293.46,5.32,1561.21,497.2,1399,2025-04-02,2025-08-06
Rice,Midwest,Peat,Conservation,None,349.78,11.35,3970.0,335.6,3506,2025-03-04,2025-07-24
Corn,East,Loam,Conventional,Nitrogen-based,353.3,4.39,1550.99,345.6,1258,2025-06-14,2025-09-29
Wheat,East,Sandy,Mixed,Nitrogen-based,379.2,4.99,1892.21,897.4,3229,2025-03-03,2025-08-26
Barley,South,Peat,Mixed,Nitrogen-based,437.7,8.86,3878.02,842.8,204,2025-05-30,2025-10-04
Rice,North,Sandy,Mixed,Potassium-based,254.98,9.54,2432.51,982.7,3667,2025-04-21,2025-09-16
Wheat,South,Peat,Conventional,Nitrogen-based,367.82,11.26,4141.65,1137.5,4448,2025-06-13,2025-09-11
Barley,West,Sandy,Conservation,Potassium-based,313.39,3.65,1143.87,891.9,4490,2025-06-07,2025-11-11
Wheat,West,Clay,Conservation,None,101.45,9.88,1002.33,355.9,1281,2025-03-28,2025-08-08
Soybeans,Midwest,Sandy,Organic,Potassium-based,22.59,9.25,208.96,443.4,4744,2025-05-09,2025-09-22
Wheat,Midwest,Clay,Conservation,None,149.43,2.17,324.26,1042.2,3238,2025-05-09,2025-09-10
Wheat,West,Sandy,Organic,None,227.09,5.57,1264.89,409.3,4494,2025-04-24,2025-10-17
Wheat,West,Peat,Conventional,Potassium-based,312.38,4.47,1396.34,272.5,3634,2025-04-26,2025-09-22
Rice,West,Peat,Mixed,Phosphorus-based,426.48,4.7,2004.46,903.3,4296,2025-06-16,2025-12-12
Wheat,South,Peat,Mixed,Compost,106.16,11.82,1254.81,602.5,3227,2025-05-26,2025-10-14
Barley,West,Silt,Mixed,Nitrogen-based,71.52,8.25,590.04,1120.0,1874,2025-06-05,2025-09-10
Soybeans,East,Loam,Conservation,Compost,482.11,9.04,4358.27,850.3,3914,2025-03-16,2025-09-01
Soybeans,North,Peat,Organic,Nitrogen-based,62.94,11.75,739.54,290.4,191,2025-03-24,2025-08-01
Wheat,West,Clay,Organic,Nitrogen-based,244.46,5.46,1334.75,1147.9,546,2025-05-08,2025-08-08
Rice,North,Peat,Conventional,None,296.93,9.92,2945.55,458.6,208,2025-04-10,2025-09-15
Rice,South,Silt,Conservation,Nitrogen-based,275.27,6.06,1668.14,537.2,4512,2025-06-14,2025-12-04
Barley,North,Clay,Conventional,Nitrogen-based,52.16,10.63,554.46,602.3,3339,2025-05-16,2025-08-27
Wheat,South,Silt,Organic,Potassium-based,37.94,3.4,129.0,251.2,4153,2025-04-16,2025-08-09
Soybeans,East,Clay,Organic,Compost,61.69,11.45,706.35,696.5,4637,2025-05-15,2025-10-21
Rice,South,Sandy,Mixed,Potassium-based,296.94,3.8,1128.37,323.3,1345,2025-05-08,2025-10-02
Wheat,South,Loam,Conservation,Nitrogen-based,276.73,4.93,1364.28,601.0,2820,2025-06-09,2025-10-16
Rice,Midwest,Loam,Organic,None,124.53,9.44,1175.56,550.7,377,2025-03-31,2025-08-18
Rice,West,Silt,Mixed,Potassium-based,322.51,5.63,1815.73,972.8,3156,2025-05-31,2025-09-02
Soybeans,West,Loam,Conservation,Potassium-based,411.83,7.89,3249.34,1003.2,4764,2025-05-31,2025-11-13
Corn,East,Silt,Conventional,Phosphorus-based,30.37,6.17,187.38,353.4,3022,2025-03-30,2025-07-29
Barley,East,Silt,Conservation,Nitrogen-based,254.08,9.29,2360.4,566.6,2613,2025-03-18,2025-09-03
Barley,West,Silt,Conservation,None,347.76,3.9,1356.26,573.4,938,2025-04-13,2025-07-12
Soybeans,Midwest,Loam,Organic,Potassium-based,133.63,2.11,281.96,351.4,2901,2025-03-27,2025-09-09
Rice,West,Silt,Organic,Potassium-based,160.81,4.65,747.77,998.5,129,2025-06-07,2025-10-28
Wheat,Midwest,Loam,Conservation,None,310.68,6.48,2013.21,907.2,1357,2025-03-26,2025-07-04
Rice,East,Silt,Organic,Nitrogen-based,449.99,3.26,1466.97,390.4,464,2025-06-29,2025-11-18
Soybeans,North,Peat,Organic,Phosphorus-based,406.86,5.23,2127.88,566.7,1900,2025-06-11,2025-09-16
Barley,East,Silt,Organic,Potassium-based,295.73,5.7,1685.66,305.8,1004,2025-06-21,2025-10-13
Rice,East,Clay,Mixed,Phosphorus-based,367.81,2.1,772.4,828.2,4893,2025-06-23,2025-10-30
Barley,South,Silt,Mixed,Compost,188.76,7.62,1438.35,321.4,2278,2025-04-29,2025-08-28
Wheat,South,Sandy,Conservation,Nitrogen-based,324.07,10.79,3496.72,1185.9,2950,2025-03-18,2025-09-11
Barley,South,Silt,Organic,Compost,238.43,3.09,736.75,980.7,2936,2025-06-05,2025-09-30
Barley,South,Clay,Mixed,Compost,103.07,7.78,801.88,590.2,4546,2025-05-28,2025-11-11
Corn,Midwest,Clay,Conservation,Compost,353.85,8.48,3000.65,778.6,279,2025-04-25,2025-07-26
Corn,West,Loam,Organic,Nitrogen-based,282.67,5.9,1667.75,1111.3,3973,2025-03-31,2025-09-20
Corn,North,Peat,Conventional,Nitrogen-based,185.72,8.86,1645.48,754.1,4060,2025-06-09,2025-11-24
Barley,East,Silt,Organic,None,456.56,5.81,2652.61,374.5,1286,2025-04-28,2025-09-26
Soybeans,Midwest,Loam,Organic,Phosphorus-based,20.26,6.8,137.77,578.7,4059,2025-03-02,2025-06-26
Barley,North,Peat,Mixed,Phosphorus-based,164.73,1.58,260.27,1043.1,873,2025-06-05,2025-10-17
Soybeans,Midwest,Silt,Conservation,None,37.87,8.76,331.74,844.2,4705,2025-04-08,2025-07-31
Soybeans,Midwest,Sandy,Conservation,None,385.6,8.44,3254.46,850.7,4560,2025-04-30,2025-09-27
Corn,East,Silt,Mixed,Compost,354.03,1.9,672.66,1066.8,452,2025-06-15,2025-10-26
Rice,West,Clay,Organic,None,172.36,5.37,925.57,1094.0,4607,2025-06-15,2025-10-28
Wheat,South,Clay,Conventional,Potassium-based,341.07,11.78,4017.8,1119.8,4930,2025-05-02,2025-08-13
Corn,West,Sandy,Organic,Phosphorus-based,204.01,5.92,1207.74,294.8,3128,2025-06-04,2025-09-09
Corn,East,Loam,Organic,None,380.56,6.77,2576.39,744.1,217,2025-03-18,2025-08-02
Rice,East,Peat,Conventional,Potassium-based,232.55,11.05,2569.68,940.5,581,2025-03-17,2025-06-28
Wheat,East,Silt,Mixed,Potassium-based,212.02,9.03,1914.54,956.9,4387,2025-06-06,2025-11-07
Barley,North,Clay,Conservation,Potassium-based,468.02,7.61,3561.63,806.7,2737,2025-04-08,2025-09-24
Barley,West,Loam,Mixed,Potassium-based,132.93,9.88,1313.35,366.8,206,2025-05-10,2025-10-28
Corn,West,Sandy,Mixed,Compost,69.02,10.58,730.23,997.4,4577,2025-06-14,2025-09-18
Wheat,Midwest,Clay,Organic,Potassium-based,296.43,6.3,1867.51,920.1,4978,2025-04-23,2025-10-08
Corn,Midwest,Sandy,Conservation,Compost,484.97,6.49,3147.46,286.1,343,2025-06-25,2025-12-19
Soybeans,Midwest,Silt,Conservation,Compost,195.14,5.55,1083.03,663.8,2732,2025-06-07,2025-10-23
Corn,East,Peat,Mixed,Potassium-based,40.4,11.65,470.66,374.0,4663,2025-06-02,2025-10-24
Corn,West,Clay,Conventional,Phosphorus-based,176.26,8.82,1554.61,537.5,965,2025-05-15,2025-08-25
Barley,East,Clay,Mixed,Potassium-based,257.91,2.37,611.25,218.1,3081,2025-04-04,2025-09-13
Barley,North,Silt,Conventional,Potassium-based,89.34,10.56,943.43,600.3,1661,2025-03-11,2025-08-03
Barley,Midwest,Loam,Conservation,Potassium-based,332.47,6.55,2177.68,749.9,703,2025-04-30,2025-09-22
Soybeans,East,Peat,Mixed,Phosphorus-based,498.9,2.22,1107.56,819.6,3162,2025-04-13,2025-07-26
Barley,East,Clay,Organic,Nitrogen-based,231.35,7.27,1681.91,863.5,4118,2025-06-29,2025-11-22
Wheat,North,Peat,Mixed,Nitrogen-based,183.82,5.88,1080.86,1036.3,2115,2025-05-07,2025-10-01
Rice,South,Clay,Conservation,Compost,206.35,10.72,2212.07,415.5,1758,2025-03-25,2025-07-27
Wheat,West,Peat,Organic,Compost,66.42,3.64,241.77,320.5,3480,2025-04-17,2025-10-11
Wheat,South,Sandy,Organic,Phosphorus-based,442.8,10.18,4507.7,1051.5,3867,2025-04-01,2025-07-15
Barley,Midwest,Clay,Conventional,None,213.26,7.36,1569.59,356.6,3870,2025-05-23,2025-08-28
Rice,East,Peat,Organic,Nitrogen-based,199.76,2.07,413.5,1174.8,1713,2025-06-22,2025-12-15
Rice,North,Loam,Organic,Compost,333.25,11.7,3899.02,1042.5,1979,2025-06-03,2025-10-15
Rice,North,Sandy,Mixed,Nitrogen-based,226.6,6.88,1559.01,700.9,4208,2025-03-04,2025-07-11
Soybeans,West,Sandy,Conservation,Phosphorus-based,327.63,4.55,1490.72,1181.4,2446,2025-06-26,2025-11-16
Barley,South,Loam,Conventional,Phosphorus-based,40.11,6.43,257.91,297.4,1199,2025-04-07,2025-07-19
Rice,West,Peat,Mixed,None,408.72,10.51,4295.65,503.1,1174,2025-06-25,2025-11-20
Soybeans,East,Silt,Organic,None,470.85,4.7,2213.0,838.2,886,2025-05-02,2025-09-21
Corn,West,Loam,Organic,Phosphorus-based,327.9,3.52,1154.21,550.0,248,2025-04-16,2025-08-10
Corn,North,Peat,Conventional,Compost,477.74,2.86,1366.34,1128.4,1854,2025-03-01,2025-07-15
Soybeans,North,Loam,Conservation,Nitrogen-based,84.2,4.63,389.85,265.6,2269,2025-03-03,2025-08-19
Soybeans,Midwest,Loam,Conventional,Potassium-based,243.93,9.69,2363.68,749.4,3856,2025-06-09,2025-09-12
Barley,Midwest,Clay,Mixed,None,304.89,6.45,1966.54,790.9,1279,2025-05-25,2025-10-16
Barley,East,Peat,Conventional,Potassium-based,295.05,3.89,1147.74,852.7,3409,2025-05-01,2025-09-11
Corn,South,Silt,Organic,Compost,206.72,3.24,669.77,455.7,2523,2025-05-03,2025-08-18
Rice,West,Clay,Mixed,None,175.66,4.99,876.54,564.6,4277,2025-03-17,2025-06-30
Corn,East,Loam,Organic,Potassium-based,72.14,11.37,820.23,1043.7,4687,2025-05-17,2025-08-26
Rice,Midwest,Loam,Conservation,Compost,201.95,5.1,1029.94,394.9,1024,2025-06-13,2025-09-30
Rice,West,Loam,Organic,Nitrogen-based,89.7,11.88,1065.64,1026.9,1703,2025-05-01,2025-09-12
Barley,Midwest,Peat,Organic,Compost,369.84,6.59,2437.25,762.7,3152,2025-04-04,2025-09-04
Wheat,West,Peat,Conventional,None,112.33,3.38,379.68,962.2,4318,2025-03-13,2025-08-08
Wheat,South,Clay,Organic,Phosphorus-based,38.7,10.86,420.28,913.6,4903,2025-04-04,2025-09-30
Soybeans,East,Silt,Mixed,Nitrogen-based,280.66,6.33,1776.58,407.5,2477,2025-04-12,2025-08-01
Barley,West,Clay,Mixed,Potassium-based,301.66,8.95,2699.86,768.8,3580,2025-03-02,2025-07-16
Rice,North,Sandy,Conservation,None,437.24,11.83,5172.55,1067.7,3282,2025-04-25,2025-08-21
Wheat,North,Loam,Mixed,Phosphorus-based,292.72,2.03,594.22,632.1,2917,2025-06-19,2025-12-11
Rice,West,Loam,Conventional,Compost,179.29,2.52,451.81,1166.6,3260,2025-05-16,2025-09-27
Wheat,West,Loam,Conservation,Phosphorus-based,403.48,9.06,3655.53,652.2,4905,2025-04-20,2025-10-03
Wheat,West,Clay,Mixed,None,274.74,4.46,1225.34,342.8,4989,2025-04-23,2025-07-30
Wheat,North,Clay,Conventional,None,48.85,3.44,168.04,589.4,811,2025-03-16,2025-07-07
Barley,North,Loam,Mixed,Phosphorus-based,287.27,1.91,548.69,1151.7,2686,2025-03-18,2025-06-30
Corn,West,Clay,Mixed,Compost,454.93,1.73,787.03,519.7,2748,2025-03-07,2025-07-10
Rice,Midwest,Peat,Organic,Phosphorus-based,204.19,9.63,1966.35,1068.1,1817,2025-04-14,2025-07-25
Barley,Midwest,Peat,Mixed,None,155.2,2.91,451.63,1081.3,4452,2025-04-05,2025-08-16
Barley,South,Clay,Mixed,None,80.3,6.41,514.72,550.2,970,2025-04-10,2025-09-17
Barley,East,Loam,Conventional,Potassium-based,84.21,7.86,661.89,283.3,3674,2025-06-02,2025-11-10
Barley,Midwest,Clay,Conventional,Potassium-based,222.06,6.0,1332.36,924.6,370,2025-04-11,2025-09-25
Barley,North,Clay,Organic,Nitrogen-based,301.88,1.78,537.35,511.5,1643,2025-06-13,2025-11-25
Soybeans,Midwest,Clay,Mixed,None,49.5,9.73,481.64,982.9,649,2025-03-07,2025-07-10
Rice,South,Sandy,Organic,Potassium-based,470.39,1.61,757.33,642.7,4763,2025-03-15,2025-08-12
Barley,South,Peat,Mixed,Phosphorus-based,380.02,9.5,3610.19,685.3,4114,2025-04-29,2025-10-16
Rice,East,Silt,Conservation,Compost,297.45,10.88,3236.26,977.9,4554,2025-04-09,2025-08-16
Soybeans,Midwest,Silt,Conservation,Phosphorus-based,415.93,6.04,2512.22,582.4,1812,2025-05-22,2025-09-15
Soybeans,North,Sandy,Organic,Compost,49.29,7.12,350.94,643.1,3340,2025-06-15,2025-09-13
Rice,North,Clay,Organic,Potassium-based,243.65,6.51,1586.16,576.2,1462,2025-04-06,2025-08-07
Wheat,West,Sandy,Organic,Nitrogen-based,318.75,5.59,1781.81,567.3,4993,2025-05-05,2025-10-09
Corn,North,Sandy,Conventional,Phosphorus-based,416.04,10.82,4501.55,725.9,1384,2025-06-14,2025-12-08
Wheat,East,Loam,Conventional,Phosphorus-based,393.9,10.89,4289.57,1008.8,986,2025-06-20,2025-10-08
Wheat,East,Peat,Conventional,Phosphorus-based,145.76,5.03,733.17,561.8,2358,2025-04-24,2025-08-24
Wheat,North,Silt,Organic,Compost,471.03,7.96,3749.4,724.3,4482,2025-05-16,2025-08-20
Barley,North,Clay,Mixed,Potassium-based,70.93,11.23,796.54,870.7,1885,2025-06-12,2025-11-13
Soybeans,West,Silt,Conservation,Phosphorus-based,438.82,11.6,5090.31,469.4,4938,2025-06-13,2025-09-13
Wheat,North,Silt,Organic,Phosphorus-based,485.76,6.84,3322.6,477.5,3643,2025-06-15,2025-11-02
Soybeans,West,Peat,Conventional,Nitrogen-based,96.81,6.25,605.06,1133.4,395,2025-06-15,2025-11-30
Rice,West,Silt,Conventional,Nitrogen-based,363.81,4.43,1611.68,923.5,2153,2025-06-27,2025-11-17
Corn,North,Silt,Organic,Potassium-based,29.74,11.57,344.09,777.2,2697,2025-06-03,2025-11-19
Rice,South,Sandy,Organic,Potassium-based,208.66,3.0,625.98,847.7,780,2025-05-19,2025-10-29
Rice,South,Peat,Conventional,None,262.98,7.59,1996.02,229.3,4990,2025-06-14,2025-11-09
Barley,West,Loam,Mixed,Nitrogen-based,294.52,4.47,1316.5,818.1,4398,2025-04-25,2025-07-29
Corn,North,Clay,Conventional,None,468.61,4.43,2075.94,709.5,424,2025-04-13,2025-08-09
Rice,South,Silt,Conventional,Compost,339.4,5.75,1951.55,745.7,2391,2025-04-26,2025-08-10
Rice,North,Clay,Organic,None,245.83,11.99,2947.5,559.4,4522,2025-03-06,2025-08-02
Corn,North,Loam,Mixed,Phosphorus-based,406.74,2.08,846.02,281.5,1086,2025-05-31,2025-09-19
Corn,North,Clay,Conventional,None,475.76,7.57,3601.5,393.3,3218,2025-04-01,2025-07-23
Rice,Midwest,Loam,Conventional,Potassium-based,20.81,2.37,49.32,1150.7,860,2025-06-16,2025-12-03
Corn,North,Sandy,Conservation,Compost,491.44,3.12,1533.29,608.7,3793,2025-05-13,2025-11-03
Rice,Midwest,Silt,Organic,Phosphorus-based,52.2,6.12,319.46,666.7,1136,2025-06-22,2025-11-09
Rice,West,Loam,Conservation,None,409.05,6.86,2806.08,252.7,1006,2025-03-18,2025-08-04
Barley,South,Clay,Conservation,Compost,147.36,4.22,621.86,237.6,464,2025-05-07,2025-08-15
Wheat,South,Silt,Conventional,Compost,74.77,4.82,360.39,917.2,3513,2025-05-12,2025-10-04
Rice,South,Sandy,Organic,Phosphorus-based,225.53,2.41,543.53,738.1,1169,2025-03-07,2025-08-14
Soybeans,South,Silt,Mixed,None,325.54,4.68,1523.53,708.7,4469,2025-06-22,2025-10-31
Wheat,South,Loam,Conventional,Compost,196.67,11.65,2291.21,443.1,2355,2025-03-08,2025-07-14
Wheat,South,Sandy,Mixed,Compost,36.74,11.42,419.57,944.8,3786,2025-05-03,2025-10-08
Wheat,South,Clay,Mixed,Nitrogen-based,303.74,5.02,1524.77,368.2,4319,2025-06-15,2025-10-30
Barley,West,Sandy,Organic,Compost,452.18,7.49,3386.83,389.9,3181,2025-03-07,2025-07-31
Rice,North,Sandy,Conservation,Nitrogen-based,197.78,11.05,2185.47,660.7,3358,2025-04-10,2025-07-29
Barley,East,Peat,Organic,None,116.0,1.56,180.96,486.3,2207,2025-04-09,2025-09-27
Rice,Midwest,Sandy,Mixed,None,226.86,10.01,2270.87,447.5,3033,2025-03-03,2025-06-20
Barley,East,Sandy,Conventional,None,33.7,11.46,386.2,845.2,2929,2025-03-17,2025-06-29
Barley,East,Silt,Mixed,Potassium-based,412.04,2.46,1013.62,851.0,541,2025-05-05,2025-10-10
Soybeans,North,Clay,Conventional,None,414.91,3.2,1327.71,1024.5,1659,2025-05-18,2025-10-31
Barley,North,Silt,Conventional,Compost,298.12,11.59,3455.21,617.7,1841,2025-06-18,2025-11-05
Corn,North,Silt,Organic,Phosphorus-based,183.02,7.14,1306.76,273.1,725,2025-06-01,2025-11-13
Soybeans,South,Loam,Mixed,Nitrogen-based,401.89,1.65,663.12,473.7,3963,2025-06-22,2025-11-20
Barley,West,Silt,Conservation,Potassium-based,281.8,4.21,1186.38,1180.0,1790,2025-06-20,2025-12-11
Wheat,South,Peat,Mixed,None,414.71,6.22,2579.5,796.3,2881,2025-04-21,2025-08-25
Corn,West,Peat,Mixed,None,319.41,8.78,2804.42,909.7,190,2025-03-22,2025-06-25
Corn,West,Loam,Conservation,Phosphorus-based,394.36,9.2,3628.11,207.4,3106,2025-03-04,2025-08-11
Corn,East,Clay,Organic,Phosphorus-based,303.3,11.95,3624.44,718.2,4402,2025-06-29,2025-10-22
Soybeans,East,Clay,Mixed,Potassium-based,212.93,4.52,962.44,237.5,1188,2025-06-24,2025-09-29
Barley,West,Silt,Mixed,Nitrogen-based,479.39,7.15,3427.64,769.2,4711,2025-03-06,2025-08-15
Barley,West,Silt,Conventional,None,275.15,7.1,1953.56,1120.8,1280,2025-04-07,2025-07-09
Wheat,South,Silt,Mixed,Potassium-based,306.49,5.76,1765.38,1168.4,2001,2025-03-26,2025-07-14
Wheat,South,Clay,Conservation,Compost,118.04,3.28,387.17,740.6,4590,2025-03-11,2025-07-09
Corn,East,Sandy,Conventional,Compost,316.57,11.76,3722.86,658.2,286,2025-05-29,2025-09-16
Wheat,North,Peat,Organic,Potassium-based,290.09,10.46,3034.34,1145.0,1697,2025-03-17,2025-07-09
Soybeans,West,Sandy,Conventional,None,100.57,6.73,676.84,873.6,3508,2025-05-27,2025-09-08
Barley,South,Sandy,Conservation,Potassium-based,39.2,7.83,306.94,264.9,3847,2025-05-31,2025-10-02
Corn,East,Clay,Conservation,None,306.14,3.89,1190.88,665.7,2770,2025-06-07,2025-10-23
Wheat,South,Sandy,Conventional,Phosphorus-based,384.21,7.21,2770.15,440.2,4925,2025-03-31,2025-08-10
Soybeans,West,Loam,Organic,Potassium-based,266.47,8.8,2344.94,669.8,339,2025-05-16,2025-09-23
Soybeans,West,Silt,Conventional,None,121.12,6.91,836.94,655.5,2680,2025-06-26,2025-10-30
Wheat,Midwest,Loam,Organic,Potassium-based,336.6,11.9,4005.54,782.1,4336,2025-04-04,2025-08-28
Barley,North,Peat,Conventional,Potassium-based,49.25,7.92,390.06,556.8,238,2025-03-16,2025-07-25
Wheat,Midwest,Silt,Conservation,None,226.5,5.4,1223.1,364.3,2606,2025-05-18,2025-10-01
Corn,East,Sandy,Mixed,None,90.05,9.61,865.38,703.7,4265,2025-06-15,2025-11-12
Wheat,South,Peat,Mixed,Nitrogen-based,100.38,3.29,330.25,1030.2,4580,2025-03-18,2025-06-29
Soybeans,East,Silt,Organic,Potassium-based,109.12,5.54,604.52,864.0,4825,2025-06-19,2025-11-23
Wheat,West,Sandy,Organic,Compost,199.49,5.14,1025.38,538.4,2345,2025-06-09,2025-10-29
Barley,Midwest,Loam,Organic,Potassium-based,35.06,6.03,211.41,1135.5,4400,2025-06-20,2025-12-10
Rice,Midwest,Silt,Conservation,Potassium-based,204.92,9.71,1989.77,1112.2,1849,2025-05-01,2025-09-01
Wheat,Midwest,Sandy,Conventional,None,260.74,6.58,1715.67,409.3,667,2025-06-20,2025-12-02
Barley,East,Loam,Conservation,Potassium-based,246.81,9.84,2428.61,239.4,981,2025-06-21,2025-10-12
Barley,West,Peat,Mixed,Potassium-based,197.56,7.55,1491.58,941.3,739,2025-06-13,2025-09-30
Soybeans,South,Peat,Organic,Compost,421.18,5.09,2143.81,1027.6,4061,2025-03-27,2025-09-01
Barley,South,Peat,Conventional,None,81.21,10.0,812.1,1167.9,4520,2025-06-27,2025-10-24
Barley,East,Peat,Mixed,Potassium-based,257.79,4.0,1031.16,1089.8,4637,2025-04-04,2025-09-28
Barley,Midwest,Clay,Mixed,Phosphorus-based,40.4,3.86,155.94,800.5,4999,2025-06-24,2025-09-28
Barley,North,Silt,Mixed,Nitrogen-based,44.87,6.8,305.12,730.1,2435,2025-04-14,2025-08-17
Corn,East,Silt,Conservation,Compost,291.19,4.24,1234.65,227.8,4421,2025-06-26,2025-10-31
Corn,East,Clay,Organic,Potassium-based,287.35,1.6,459.76,446.7,3085,2025-04-04,2025-09-20
Soybeans,West,Sandy,Mixed,Phosphorus-based,440.24,8.31,3658.39,659.6,659,2025-03-28,2025-08-16
Wheat,South,Sandy,Organic,Potassium-based,283.36,6.87,1946.68,828.5,813,2025-06-11,2025-09-23
Barley,East,Peat,Conservation,Potassium-based,480.3,6.18,2968.25,757.3,4693,2025-06-10,2025-10-23
Wheat,East,Loam,Mixed,None,33.86,11.65,394.47,942.6,4088,2025-03-09,2025-06-29
Wheat,Midwest,Sandy,Conservation,None,58.02,7.5,435.15,479.8,356,2025-05-15,2025-08-24
Soybeans,Midwest,Loam,Conservation,None,31.59,10.57,333.91,765.0,676,2025-03-15,2025-07-26
Barley,North,Silt,Organic,Phosphorus-based,100.79,2.96,298.34,288.1,137,2025-03-21,2025-07-03
Barley,West,Loam,Mixed,Potassium-based,275.22,7.48,2058.65,613.7,2172,2025-04-21,2025-09-06
Rice,North,Silt,Conservation,Nitrogen-based,326.33,10.61,3462.36,950.2,4605,2025-04-04,2025-07-23
Wheat,Midwest,Clay,Mixed,Compost,32.34,7.62,246.43,893.4,560,2025-06-14,2025-09-26
Wheat,South,Clay,Organic,None,473.53,9.04,4280.71,1190.6,1540,2025-06-05,2025-09-16
Corn,Midwest,Peat,Conservation,None,422.66,5.41,2286.59,477.9,4578,2025-04-20,2025-08-29
Rice,West,Sandy,Organic,Potassium-based,155.34,2.47,383.69,698.2,1932,2025-05-22,2025-11-07
Corn,Midwest,Peat,Mixed,Potassium-based,47.82,6.31,301.74,529.5,4764,2025-04-24,2025-08-06
Corn,West,Silt,Mixed,Phosphorus-based,93.24,5.64,525.87,640.6,3499,2025-05-26,2025-10-25
Corn,West,Peat,Organic,Phosphorus-based,72.2,10.6,765.32,1057.0,532,2025-05-16,2025-10-20
Soybeans,West,Loam,Conventional,None,70.41,4.06,285.86,884.2,4251,2025-04-13,2025-08-07
Soybeans,West,Silt,Conservation,Potassium-based,264.1,11.65,3076.77,1082.4,1851,2025-05-04,2025-10-27
Corn,West,Clay,Mixed,Nitrogen-based,130.47,11.56,1508.23,403.5,2147,2025-06-23,2025-11-12
Rice,South,Sandy,Mixed,Compost,185.49,4.1,760.51,1073.4,2940,2025-06-01,2025-10-20
Wheat,North,Silt,Conservation,Potassium-based,494.86,5.15,2548.53,259.8,356,2025-05-27,2025-10-26
Rice,East,Silt,Organic,Potassium-based,345.31,10.9,3763.88,1088.6,771,2025-05-19,2025-10-28
Barley,North,Loam,Organic,Phosphorus-based,475.0,11.65,5533.75,529.1,589,2025-03-25,2025-08-14
Soybeans,West,Sandy,Organic,Compost,79.85,6.16,491.88,514.6,3814,2025-06-27,2025-11-20
Wheat,South,Clay,Conventional,None,197.25,4.87,960.61,712.1,2196,2025-05-26,2025-10-14
Wheat,Midwest,Silt,Conventional,Potassium-based,281.82,7.02,1978.38,1140.7,1782,2025-05-31,2025-10-10
Barley,South,Silt,Mixed,None,47.61,8.72,415.16,247.8,4511,2025-04-16,2025-07-21
Barley,West,Loam,Organic,Potassium-based,12.05,4.37,52.66,552.2,2560,2025-05-19,2025-09-27
Corn,South,Peat,Conservation,None,338.51,9.23,3124.45,1056.6,4629,2025-06-15,2025-09-16
Soybeans,South,Clay,Mixed,Compost,324.49,2.04,661.96,596.1,4012,2025-04-25,2025-09-30
Soybeans,West,Sandy,Conservation,Phosphorus-based,211.29,2.02,426.81,399.2,2075,2025-04-07,2025-07-10
Rice,South,Silt,Mixed,Compost,249.93,5.56,1389.61,624.8,3316,2025-03-11,2025-08-22
Corn,East,Silt,Conventional,Nitrogen-based,213.57,5.21,1112.7,585.6,1489,2025-05-06,2025-10-22
Corn,East,Clay,Mixed,Phosphorus-based,21.76,4.81,104.67,1115.4,4615,2025-03-15,2025-07-23
Corn,South,Peat,Conventional,Compost,174.33,6.66,1161.04,961.9,3956,2025-03-01,2025-06-02
Corn,Midwest,Silt,Mixed,Nitrogen-based,96.77,4.87,471.27,705.1,1684,2025-03-07,2025-06-06
Soybeans,West,Clay,Organic,Potassium-based,58.23,3.52,204.97,1188.4,3063,2025-03-01,2025-08-04
Soybeans,East,Loam,Conservation,Potassium-based,478.79,4.75,2274.25,665.3,4629,2025-04-18,2025-08-06
Corn,Midwest,Peat,Organic,None,303.69,11.74,3565.32,258.2,1076,2025-06-04,2025-11-10
Rice,South,Sandy,Mixed,Phosphorus-based,367.04,5.82,2136.17,462.3,3464,2025-05-12,2025-09-21
Wheat,Midwest,Silt,Mixed,Potassium-based,164.53,6.17,1015.15,636.1,145,2025-03-29,2025-09-16
Wheat,North,Clay,Mixed,Phosphorus-based,202.64,7.55,1529.93,356.9,1293,2025-03-26,2025-08-31
Rice,East,Loam,Conventional,Potassium-based,126.09,11.83,1491.64,1147.6,3442,2025-05-26,2025-09-01
Corn,South,Sandy,Conservation,None,57.51,4.04,232.34,966.8,4612,2025-04-14,2025-10-04
Soybeans,West,Clay,Conservation,Compost,97.73,8.65,845.36,468.3,346,2025-06-15,2025-10-10
Wheat,South,Clay,Mixed,None,400.78,9.02,3615.04,790.8,3319,2025-06-01,2025-09-24
Barley,West,Sandy,Mixed,Nitrogen-based,342.0,7.88,2694.96,921.4,4425,2025-06-24,2025-12-12
Barley,South,Loam,Conventional,Potassium-based,278.0,2.43,675.54,1141.3,891,2025-06-10,2025-11-29
Rice,Midwest,Loam,Organic,Nitrogen-based,242.79,8.61,2090.42,1081.6,736,2025-06-05,2025-09-05
Corn,Midwest,Peat,Organic,Nitrogen-based,461.99,2.17,1002.52,715.2,3875,2025-05-10,2025-10-19
Wheat,Midwest,Silt,Conservation,Phosphorus-based,45.64,7.76,354.17,974.7,2521,2025-03-12,2025-07-28
Corn,North,Sandy,Conventional,Potassium-based,147.49,9.27,1367.23,762.1,4933,2025-06-03,2025-09-17
Wheat,West,Sandy,Mixed,Nitrogen-based,181.47,3.72,675.07,752.7,1188,2025-04-01,2025-08-31
Rice,Midwest,Sandy,Conservation,Compost,393.39,10.34,4067.65,314.7,4283,2025-06-26,2025-11-17
Rice,North,Loam,Conventional,Nitrogen-based,496.33,1.82,903.32,326.1,3259,2025-03-20,2025-07-10
Barley,West,Silt,Organic,Compost,127.93,10.36,1325.35,729.5,812,2025-06-27,2025-10-28
Corn,South,Peat,Conventional,Phosphorus-based,438.41,6.33,2775.14,468.9,4796,2025-04-20,2025-09-25
Barley,North,Clay,Organic,Nitrogen-based,417.01,3.78,1576.3,221.0,3744,2025-05-20,2025-09-01
Corn,East,Clay,Conventional,None,120.08,2.9,348.23,922.8,3990,2025-04-05,2025-08-19
Barley,North,Sandy,Conservation,Phosphorus-based,205.67,11.51,2367.26,232.5,2686,2025-05-06,2025-08-06
Soybeans,North,Silt,Organic,Compost,210.74,2.26,476.27,795.3,4409,2025-03-01,2025-08-20
Soybeans,West,Loam,Conservation,Phosphorus-based,489.33,3.59,1756.69,739.2,2208,2025-06-22,2025-10-17
Soybeans,South,Silt,Conservation,Nitrogen-based,98.64,5.15,508.0,1168.8,4893,2025-03-27,2025-06-27
Soybeans,East,Silt,Organic,Potassium-based,401.59,8.01,3216.74,684.2,3714,2025-06-25,2025-09-26
Wheat,Midwest,Loam,Organic,Potassium-based,173.75,7.22,1254.47,263.6,1342,2025-06-19,2025-12-13
Soybeans,Midwest,Sandy,Mixed,Compost,368.13,2.82,1038.13,751.7,2159,2025-04-09,2025-08-07
Rice,North,Silt,Mixed,Compost,215.81,4.54,979.78,1041.1,3586,2025-06-05,2025-10-17
Rice,West,Clay,Mixed,Potassium-based,293.4,4.01,1176.53,1196.8,4432,2025-05-23,2025-10-18
Wheat,West,Loam,Conservation,Compost,417.98,3.74,1563.25,630.3,3910,2025-03-14,2025-07-26
Soybeans,Midwest,Peat,Conservation,Phosphorus-based,404.04,5.82,2351.51,520.3,4000,2025-06-08,2025-11-19
Soybeans,East,Sandy,Mixed,None,434.55,8.89,3863.15,1106.7,2705,2025-05-08,2025-09-11
Soybeans,South,Loam,Conservation,None,39.21,3.78,148.21,391.2,4842,2025-05-26,2025-10-27
Barley,East,Peat,Conservation,Phosphorus-based,349.1,5.35,1867.68,815.4,3134,2025-06-17,2025-09-23
Corn,South,Peat,Organic,None,78.59,5.6,440.1,605.7,4668,2025-06-28,2025-10-12
Barley,Midwest,Silt,Organic,Nitrogen-based,213.75,11.75,2511.56,241.1,4307,2025-05-18,2025-10-19
Corn,South,Silt,Conservation,Phosphorus-based,278.81,11.52,3211.89,547.3,4151,2025-03-06,2025-06-06
Soybeans,West,Silt,Mixed,Compost,207.34,9.9,2052.67,465.2,3463,2025-04-02,2025-07-26
Soybeans,North,Loam,Conventional,Phosphorus-based,264.61,4.04,1069.02,886.1,4121,2025-04-24,2025-09-13
Barley,North,Loam,Mixed,Potassium-based,498.3,2.21,1101.24,1148.8,1945,2025-03-19,2025-07-17
Barley,Midwest,Sandy,Conventional,Compost,76.26,4.83,368.34,468.0,482,2025-05-16,2025-09-08
Corn,West,Silt,Mixed,Potassium-based,340.97,4.3,1466.17,1011.5,4212,2025-03-29,2025-07-19
Rice,East,Peat,Organic,Compost,204.04,6.81,1389.51,255.4,4688,2025-04-30,2025-08-27
Corn,West,Clay,Conservation,None,75.17,9.67,726.89,738.1,3910,2025-05-09,2025-08-16
Barley,North,Sandy,Conservation,Phosphorus-based,87.78,10.51,922.57,270.6,1996,2025-05-18,2025-10-26
Barley,North,Loam,Organic,Nitrogen-based,475.14,10.37,4927.2,1134.0,1609,2025-05-19,2025-11-13
Wheat,West,Sandy,Conventional,Compost,441.0,5.28,2328.48,966.4,4312,2025-03-24,2025-08-24
Barley,West,Sandy,Conventional,Compost,454.45,8.72,3962.8,857.9,1678,2025-03-23,2025-07-12
Wheat,North,Sandy,Conventional,Potassium-based,495.85,4.78,2370.16,1023.9,979,2025-06-20,2025-10-02
Rice,East,Sandy,Organic,None,112.07,2.14,239.83,847.5,2262,2025-03-10,2025-08-02
Corn,Midwest,Clay,Conventional,Potassium-based,184.17,8.87,1633.59,1168.9,1672,2025-04-23,2025-10-03
Corn,Midwest,Silt,Organic,Potassium-based,337.92,1.6,540.67,914.0,1748,2025-06-13,2025-09-30
Wheat,West,Peat,Mixed,None,247.06,5.8,1432.95,1124.7,4839,2025-04-10,2025-08-24
Corn,Midwest,Sandy,Mixed,Nitrogen-based,215.01,4.96,1066.45,717.1,1459,2025-04-18,2025-10-11
Barley,North,Sandy,Organic,Potassium-based,185.33,8.78,1627.2,317.1,4531,2025-03-17,2025-08-06
Soybeans,North,Sandy,Conservation,Potassium-based,300.95,9.55,2874.07,728.2,3069,2025-06-21,2025-11-10
Wheat,West,Silt,Mixed,Compost,292.04,4.69,1369.67,326.9,4060,2025-04-25,2025-07-24
Corn,West,Loam,Conventional,None,89.11,10.02,892.88,792.5,3911,2025-06-16,2025-09-15
Wheat,West,Loam,Organic,Phosphorus-based,241.15,4.59,1106.88,682.5,4342,2025-04-14,2025-09-08
Wheat,East,Clay,Conventional,Nitrogen-based,281.2,6.19,1740.63,822.6,4317,2025-03-30,2025-07-16
Soybeans,Midwest,Loam,Conventional,Nitrogen-based,289.44,9.13,2642.59,210.0,180,2025-04-13,2025-09-11
Barley,West,Sandy,Conservation,None,112.95,8.78,991.7,394.8,2832,2025-06-18,2025-12-02
Wheat,South,Sandy,Conventional,Compost,373.71,11.87,4435.94,691.3,2809,2025-05-13,2025-10-21
Corn,South,Sandy,Conservation,Compost,22.35,3.86,86.27,1150.5,2522,2025-04-24,2025-08-03
Rice,North,Clay,Mixed,None,183.87,8.45,1553.7,583.6,3741,2025-03-19,2025-07-12
Wheat,Midwest,Sandy,Organic,Compost,392.3,7.9,3099.17,624.4,4699,2025-03-29,2025-07-23
Wheat,West,Loam,Conventional,Nitrogen-based,286.31,11.11,3180.9,914.7,767,2025-03-02,2025-06-28
Soybeans,South,Silt,Organic,Nitrogen-based,137.97,3.14,433.23,803.8,2596,2025-04-05,2025-07-18
Barley,Midwest,Silt,Conventional,Phosphorus-based,350.53,9.39,3291.48,498.9,3599,2025-03-19,2025-08-01
Rice,North,Peat,Organic,None,288.02,7.47,2151.51,610.8,3598,2025-03-07,2025-06-05
Corn,East,Loam,Conventional,Potassium-based,400.16,4.38,1752.7,417.7,1544,2025-03-26,2025-08-22
Rice,Midwest,Sandy,Conventional,Potassium-based,370.16,6.48,2398.64,1166.0,1445,2025-05-18,2025-10-11
Corn,Midwest,Silt,Conventional,Phosphorus-based,308.95,5.0,1544.75,330.6,1289,2025-06-19,2025-09-19
Barley,East,Loam,Conventional,Phosphorus-based,249.21,7.58,1889.01,571.8,558,2025-06-28,2025-10-13
Corn,Midwest,Silt,Conventional,Compost,75.26,10.83,815.07,225.8,1312,2025-04-07,2025-08-26
Soybeans,North,Sandy,Conventional,Phosphorus-based,138.05,7.48,1032.61,421.8,4659,2025-03-03,2025-07-30
Soybeans,North,Silt,Conventional,Phosphorus-based,215.36,8.13,1750.88,980.5,1011,2025-06-10,2025-10-11
Soybeans,East,Peat,Conventional,Potassium-based,303.66,6.95,2110.44,401.2,1125,2025-05-19,2025-11-13
Soybeans,West,Peat,Conventional,Compost,261.72,2.04,533.91,280.1,2511,2025-05-05,2025-10-01
Rice,South,Silt,Organic,Phosphorus-based,151.21,3.95,597.28,674.5,171,2025-06-03,2025-09-26
Barley,West,Loam,Conservation,Phosphorus-based,13.17,6.67,87.84,210.0,2785,2025-05-31,2025-11-08
Corn,Midwest,Loam,Conventional,Compost,253.16,4.76,1205.04,284.8,1293,2025-05-10,2025-08-26
Corn,South,Loam,Conservation,None,149.96,3.41,511.36,1007.6,1948,2025-06-02,2025-09-21
Soybeans,East,Silt,Conventional,Compost,369.96,6.79,2512.03,971.5,2484,2025-04-12,2025-08-12
Soybeans,East,Loam,Conventional,Potassium-based,21.73,4.89,106.26,1115.1,2122,2025-05-01,2025-09-05
Wheat,South,Sandy,Organic,None,296.57,4.21,1248.56,1054.5,3841,2025-05-10,2025-09-11
Barley,North,Peat,Mixed,Nitrogen-based,471.32,6.37,3002.31,883.2,4848,2025-06-08,2025-11-11
Rice,South,Sandy,Mixed,Compost,95.46,2.9,276.83,252.3,1398,2025-06-01,2025-11-20
Corn,Midwest,Loam,Organic,Potassium-based,241.11,11.24,2710.08,982.8,4202,2025-03-24,2025-07-01
Wheat,North,Sandy,Conservation,None,54.8,10.61,581.43,1045.5,1004,2025-06-24,2025-10-06
Wheat,East,Loam,Mixed,Compost,316.58,8.93,2827.06,999.1,3126,2025-04-08,2025-07-17
Corn,South,Silt,Organic,Phosphorus-based,279.76,2.62,732.97,708.5,2128,2025-05-07,2025-11-02
Rice,West,Sandy,Organic,Compost,209.61,9.65,2022.74,432.9,4811,2025-06-01,2025-09-22
Wheat,West,Silt,Mixed,Nitrogen-based,265.47,9.98,2649.39,1045.3,2720,2025-04-13,2025-09-26
Wheat,Midwest,Silt,Conservation,Compost,449.32,9.56,4295.5,927.2,2746,2025-03-05,2025-06-06
Barley,West,Clay,Organic,None,106.18,2.7,286.69,1180.8,4965,2025-04-24,2025-08-04
Rice,South,Loam,Conventional,None,21.06,8.26,173.96,355.7,2389,2025-06-01,2025-11-10
Wheat,South,Peat,Conservation,Compost,432.22,10.26,4434.58,425.7,3972,2025-03-30,2025-08-23
Rice,West,Loam,Conservation,None,292.79,7.56,2213.49,411.8,1585,2025-03-29,2025-08-02
Corn,South,Peat,Mixed,Phosphorus-based,446.42,8.29,3700.82,992.5,3251,2025-03-26,2025-08-10
Soybeans,Midwest,Loam,Mixed,Compost,302.5,6.31,1908.78,386.9,1540,2025-05-22,2025-10-29
Wheat,North,Silt,Conventional,Phosphorus-based,406.98,7.05,2869.21,266.7,865,2025-03-26,2025-06-24
Barley,Midwest,Sandy,Organic,Phosphorus-based,220.54,1.86,410.2,1198.6,4579,2025-04-06,2025-09-02
Corn,Midwest,Sandy,Mixed,Potassium-based,377.43,8.21,3098.7,224.8,2538,2025-05-30,2025-09-08
Rice,South,Clay,Mixed,Compost,457.39,2.36,1079.44,1035.2,4192,2025-06-02,2025-09-20
Corn,North,Peat,Conservation,None,290.34,6.07,1762.36,565.4,4883,2025-06-23,2025-10-01
Wheat,South,Peat,Mixed,Phosphorus-based,98.58,4.57,450.51,1041.6,1249,2025-04-22,2025-09-02
Rice,East,Peat,Mixed,Potassium-based,141.71,7.23,1024.56,754.6,3665,2025-03-30,2025-08-24
Soybeans,South,Silt,Mixed,Compost,107.34,2.9,311.29,1101.6,4242,2025-03-03,2025-07-14
Corn,South,Peat,Mixed,Compost,130.96,8.76,1147.21,1126.2,2072,2025-04-12,2025-09-26
Wheat,South,Sandy,Conservation,Nitrogen-based,160.14,9.85,1577.38,209.1,2766,2025-03-07,2025-07-08
Barley,North,Silt,Conventional,Nitrogen-based,282.02,3.22,908.1,275.4,563,2025-04-18,2025-08-10
Rice,South,Loam,Conventional,Phosphorus-based,298.12,2.6,775.11,450.4,4318,2025-06-29,2025-09-30
Corn,North,Peat,Organic,Nitrogen-based,218.98,3.03,663.51,869.3,2281,2025-05-12,2025-10-12
Corn,West,Peat,Mixed,Phosphorus-based,311.56,10.71,3336.81,1088.3,1742,2025-06-25,2025-12-21
Soybeans,East,Loam,Conservation,None,49.97,7.05,352.29,659.9,3988,2025-04-10,2025-07-24
Soybeans,North,Peat,Organic,Phosphorus-based,53.02,6.41,339.86,807.0,940,2025-06-14,2025-09-21
Barley,West,Loam,Organic,Nitrogen-based,94.2,2.62,246.8,388.5,2754,2025-05-16,2025-10-18
Barley,North,Silt,Conventional,None,263.86,8.32,2195.32,1005.0,4218,2025-05-18,2025-09-19
Wheat,North,Sandy,Conservation,Nitrogen-based,114.86,10.61,1218.66,1167.3,665,2025-04-23,2025-10-12
Wheat,East,Loam,Conservation,Phosphorus-based,148.81,10.2,1517.86,468.6,1064,2025-05-08,2025-08-11
Barley,Midwest,Clay,Conservation,Potassium-based,206.15,8.07,1663.63,694.8,2382,2025-06-01,2025-09-17
Barley,Midwest,Loam,Conventional,Compost,407.81,2.29,933.88,286.1,1095,2025-06-07,2025-11-02
Rice,North,Peat,Conventional,Nitrogen-based,16.79,2.68,45.0,759.1,1287,2025-05-30,2025-10-19
Soybeans,South,Silt,Conventional,Phosphorus-based,328.2,2.02,662.96,702.8,4411,2025-03-27,2025-07-02
Wheat,West,Silt,Conventional,None,337.75,4.2,1418.55,344.4,3354,2025-03-08,2025-08-22
Soybeans,South,Loam,Conventional,Nitrogen-based,401.34,2.92,1171.91,642.1,756,2025-04-01,2025-07-09
Soybeans,South,Sandy,Mixed,Nitrogen-based,467.05,4.23,1975.62,534.1,3082,2025-05-23,2025-10-26
Barley,North,Clay,Mixed,Compost,19.87,5.54,110.08,721.8,1213,2025-05-03,2025-09-07
Rice,North,Silt,Conservation,Phosphorus-based,85.35,11.4,972.99,785.7,4506,2025-03-10,2025-07-06
Corn,North,Peat,Organic,Potassium-based,444.22,7.91,3513.78,208.5,656,2025-03-13,2025-06-25
Rice,North,Peat,Conservation,None,234.67,10.27,2410.06,961.0,3119,2025-05-02,2025-10-25
Rice,Midwest,Sandy,Organic,Phosphorus-based,286.65,8.96,2568.38,913.0,2404,2025-06-01,2025-09-21
Soybeans,North,Silt,Conventional,None,334.88,2.68,897.48,566.3,2680,2025-04-04,2025-09-22
Rice,Midwest,Loam,Organic,Nitrogen-based,342.74,9.23,3163.49,252.9,151,2025-04-30,2025-09-12
Wheat,Midwest,Peat,Conservation,Compost,466.55,4.39,2048.15,954.9,1461,2025-04-23,2025-10-12
Soybeans,North,Sandy,Conservation,Compost,498.51,8.21,4092.77,1155.2,1294,2025-03-08,2025-07-03
Wheat,East,Silt,Organic,Potassium-based,362.88,5.08,1843.43,440.2,4119,2025-03-29,2025-07-22
Corn,West,Silt,Mixed,Compost,150.74,11.98,1805.87,523.5,3238,2025-06-03,2025-09-10
Soybeans,South,Silt,Conventional,Nitrogen-based,441.08,4.27,1883.41,383.8,1748,2025-04-10,2025-08-24
Corn,Midwest,Silt,Conventional,Potassium-based,34.12,4.43,151.15,776.9,771,2025-03-30,2025-07-01
Soybeans,West,Silt,Conservation,Phosphorus-based,123.23,11.27,1388.8,354.8,877,2025-05-25,2025-10-16
Barley,East,Peat,Mixed,Compost,449.72,1.76,791.51,556.2,2379,2025-03-21,2025-08-23
Rice,South,Sandy,Organic,Potassium-based,135.53,8.82,1195.37,897.0,3122,2025-05-15,2025-10-18
Barley,South,Silt,Conventional,Nitrogen-based,118.12,9.12,1077.25,760.1,1960,2025-03-11,2025-06-15
Corn,Midwest,Clay,Mixed,None,77.68,10.28,798.55,586.5,3239,2025-03-02,2025-07-24
Rice,North,Clay,Conventional,None,430.96,11.73,5055.16,620.2,1174,2025-04-19,2025-10-05
Soybeans,East,Sandy,Mixed,Nitrogen-based,255.03,11.74,2994.05,762.1,1816,2025-04-10,2025-08-08
Rice,Midwest,Loam,Mixed,Nitrogen-based,340.7,2.19,746.13,205.9,1383,2025-05-05,2025-10-15
Wheat,East,Loam,Conservation,None,127.14,10.13,1287.93,278.5,4786,2025-06-06,2025-09-22
Rice,North,Loam,Conventional,Potassium-based,381.44,8.29,3162.14,1081.3,2086,2025-03-03,2025-06-28
Wheat,North,Clay,Organic,None,382.4,8.3,3173.92,277.9,2733,2025-05-19,2025-11-05
Rice,Midwest,Loam,Conservation,Nitrogen-based,163.17,2.85,465.03,906.8,1101,2025-04-20,2025-08-15
Wheat,North,Peat,Conservation,Compost,211.23,8.33,1759.55,1120.0,1146,2025-05-07,2025-08-23
Corn,West,Silt,Organic,Phosphorus-based,112.75,11.82,1332.7,470.7,2276,2025-05-26,2025-11-18
Barley,South,Clay,Conservation,Compost,488.51,11.07,5407.81,570.5,2438,2025-06-29,2025-10-16
Soybeans,Midwest,Sandy,Mixed,Compost,326.35,6.11,1994.0,768.9,1955,2025-06-22,2025-10-02
Rice,East,Sandy,Mixed,Nitrogen-based,467.93,1.92,898.43,1081.7,600,2025-05-23,2025-11-05
Barley,West,Silt,Conventional,None,158.66,5.3,840.9,1141.9,2333,2025-03-25,2025-08-04
Soybeans,Midwest,Clay,Conventional,Potassium-based,393.13,10.18,4002.06,939.6,4674,2025-03-30,2025-07-08
Soybeans,North,Loam,Organic,Compost,385.27,8.87,3417.34,286.6,2639,2025-05-21,2025-10-05
Wheat,North,Loam,Conventional,None,348.91,6.32,2205.11,869.2,4708,2025-06-14,2025-09-26
Corn,North,Peat,Mixed,Potassium-based,483.16,2.08,1004.97,610.3,3814,2025-03-11,2025-06-25
Corn,North,Peat,Organic,Compost,202.84,5.98,1212.98,670.7,2432,2025-06-01,2025-10-22
Barley,East,Loam,Organic,Potassium-based,74.05,6.42,475.4,249.1,700,2025-03-17,2025-08-03
Corn,West,Sandy,Conventional,None,339.14,11.25,3815.32,391.1,4384,2025-03-26,2025-07-21
Rice,South,Sandy,Mixed,Phosphorus-based,367.36,8.23,3023.37,990.5,1088,2025-06-28,2025-12-17
Corn,East,Peat,Organic,None,291.78,4.77,1391.79,654.0,1981,2025-06-29,2025-09-30
Barley,East,Silt,Mixed,Nitrogen-based,111.34,7.02,781.61,501.7,4583,2025-03-23,2025-07-12
Corn,South,Loam,Mixed,Potassium-based,257.18,2.19,563.22,584.0,1854,2025-04-25,2025-10-17
Rice,South,Peat,Mixed,Phosphorus-based,162.97,11.71,1908.38,1054.4,2564,2025-04-21,2025-08-27
Wheat,North,Peat,Conventional,Potassium-based,219.46,5.28,1158.75,949.0,2323,2025-04-17,2025-08-18
Barley,East,Loam,Conservation,Potassium-based,326.16,6.52,2126.56,472.3,4582,2025-03-20,2025-07-31
Wheat,Midwest,Loam,Conservation,Compost,375.16,5.23,1962.09,317.5,1594,2025-06-17,2025-10-26
Wheat,South,Sandy,Organic,Nitrogen-based,123.79,8.67,1073.26,452.0,952,2025-03-02,2025-07-09
Wheat,South,Silt,Mixed,Potassium-based,208.61,8.45,1762.75,1120.8,551,2025-05-27,2025-09-05
Soybeans,West,Silt,Conventional,None,141.89,9.01,1278.43,781.6,2424,2025-03-31,2025-06-30
Soybeans,Midwest,Loam,Mixed,None,107.33,4.32,463.67,733.5,1858,2025-03-27,2025-07-22
Wheat,Midwest,Clay,Mixed,Compost,393.86,4.81,1894.47,796.4,4408,2025-03-02,2025-08-12
Barley,South,Peat,Conventional,Nitrogen-based,455.53,2.82,1284.59,566.0,3453,2025-06-29,2025-12-21
Rice,North,Peat,Conservation,Nitrogen-based,191.41,8.38,1604.02,1007.1,4236,2025-05-17,2025-11-03
Rice,West,Loam,Mixed,None,378.13,1.92,726.01,723.3,4795,2025-03-04,2025-08-30
Corn,Midwest,Clay,Mixed,Phosphorus-based,449.53,7.78,3497.34,316.7,3438,2025-06-21,2025-11-24
Barley,South,Sandy,Conservation,Compost,424.6,10.63,4513.5,329.1,2688,2025-03-13,2025-08-20
Soybeans,Midwest,Loam,Conventional,Compost,99.58,10.85,1080.44,736.9,1882,2025-06-08,2025-11-16
Wheat,West,Loam,Organic,None,478.58,6.21,2971.98,1136.6,3620,2025-04-04,2025-09-24
Corn,West,Peat,Conservation,None,194.57,6.32,1229.68,508.4,1879,2025-06-16,2025-11-28
Rice,East,Loam,Organic,Phosphorus-based,176.23,2.31,407.09,1069.5,3232,2025-06-26,2025-12-13
Soybeans,South,Loam,Organic,Phosphorus-based,40.59,8.54,346.64,964.1,3673,2025-06-27,2025-10-04
Soybeans,West,Loam,Conservation,Nitrogen-based,248.23,10.12,2512.09,447.8,3318,2025-05-11,2025-11-02
Wheat,East,Peat,Mixed,Compost,63.42,4.07,258.12,236.3,3857,2025-05-05,2025-09-28
Rice,East,Sandy,Organic,Compost,131.78,5.92,780.14,301.8,4116,2025-03-06,2025-08-28
Barley,Midwest,Sandy,Organic,None,165.3,10.31,1704.24,928.5,2937,2025-03-31,2025-08-04
Soybeans,Midwest,Loam,Conventional,Nitrogen-based,406.32,10.71,4351.69,399.7,2481,2025-06-26,2025-12-09
Wheat,East,Peat,Mixed,Compost,438.99,4.05,1777.91,571.3,4339,2025-03-10,2025-08-10
Barley,Midwest,Sandy,Organic,Nitrogen-based,158.21,7.28,1151.77,701.7,4036,2025-06-16,2025-12-01
Rice,West,Sandy,Conventional,Nitrogen-based,430.76,3.52,1516.28,925.5,4528,2025-03-21,2025-09-12
Soybeans,North,Sandy,Mixed,None,430.04,2.57,1105.2,313.2,1519,2025-06-14,2025-10-21
Barley,West,Peat,Conservation,Nitrogen-based,384.68,11.07,4258.41,606.4,4250,2025-05-13,2025-10-09
Barley,East,Peat,Conservation,Phosphorus-based,81.88,10.12,828.63,685.1,1430,2025-03-23,2025-08-07
Barley,East,Loam,Conventional,Phosphorus-based,348.26,9.48,3301.5,740.8,3017,2025-03-03,2025-06-19
Soybeans,West,Silt,Conservation,Potassium-based,473.06,2.01,950.85,1018.4,1546,2025-04-01,2025-09-09
Soybeans,Midwest,Sandy,Organic,None,344.44,10.36,3568.4,371.7,1540,2025-03-20,2025-07-20
Corn,Midwest,Silt,Mixed,Potassium-based,172.49,6.1,1052.19,1007.8,3844,2025-05-13,2025-09-23
Rice,East,Peat,Organic,Phosphorus-based,255.28,5.1,1301.93,892.9,2944,2025-03-29,2025-08-02
Wheat,South,Peat,Organic,Potassium-based,326.41,7.24,2363.21,755.9,4275,2025-06-13,2025-12-08
Barley,Midwest,Peat,Conservation,None,260.18,2.46,640.04,899.5,964,2025-04-21,2025-08-24
Corn,West,Silt,Organic,None,68.78,9.44,649.28,612.0,571,2025-06-23,2025-12-10
Wheat,Midwest,Peat,Conservation,Nitrogen-based,162.91,7.62,1241.37,338.4,1602,2025-04-15,2025-10-09
Corn,West,Loam,Mixed,Compost,403.17,3.46,1394.97,865.8,4784,2025-04-03,2025-07-22
Soybeans,East,Peat,Mixed,Nitrogen-based,432.09,3.48,1503.67,724.7,1510,2025-06-09,2025-09-08
Barley,Midwest,Clay,Organic,None,77.28,3.43,265.07,839.4,3870,2025-05-23,2025-09-20
Wheat,West,Silt,Conventional,Phosphorus-based,476.67,2.1,1001.01,538.0,2005,2025-04-30,2025-08-27
Wheat,East,Clay,Conservation,Phosphorus-based,171.12,7.67,1312.49,1106.9,4759,2025-05-11,2025-10-23
Wheat,South,Peat,Conservation,Nitrogen-based,334.53,10.32,3452.35,787.4,4101,2025-05-10,2025-09-20
Wheat,West,Loam,Organic,None,378.39,1.68,635.7,285.4,3604,2025-05-09,2025-08-18
Wheat,South,Sandy,Conservation,Phosphorus-based,407.85,2.01,819.78,649.8,3583,2025-03-11,2025-07-29
Corn,South,Peat,Conservation,None,473.42,7.51,3555.38,956.4,4662,2025-06-16,2025-11-01
Barley,North,Loam,Conventional,Phosphorus-based,163.33,10.1,1649.63,994.1,698,2025-05-21,2025-09-11
Soybeans,Midwest,Silt,Conventional,None,430.67,4.93,2123.2,694.6,1091,2025-06-23,2025-10-14
Soybeans,West,Clay,Organic,Potassium-based,74.53,5.17,385.32,1094.7,2032,2025-06-14,2025-11-10
Soybeans,South,Clay,Conventional,None,355.47,7.76,2758.45,467.7,2884,2025-06-29,2025-10-07
Soybeans,North,Clay,Organic,None,373.57,4.38,1636.24,610.6,3141,2025-06-01,2025-09-11
Corn,East,Silt,Mixed,Nitrogen-based,342.08,1.78,608.9,1098.6,166,2025-05-28,2025-11-05
Rice,West,Loam,Organic,Potassium-based,133.63,9.22,1232.07,1096.3,3498,2025-05-02,2025-10-12
Barley,South,Silt,Mixed,Compost,437.79,8.07,3532.97,885.7,2850,2025-03-21,2025-08-29
Wheat,Midwest,Clay,Organic,Nitrogen-based,92.74,7.6,704.82,1059.0,569,2025-06-18,2025-11-18
Rice,North,Peat,Conservation,Compost,36.28,9.29,337.04,288.8,1824,2025-03-03,2025-06-20
Soybeans,South,Sandy,Conventional,Phosphorus-based,361.56,8.59,3105.8,1065.0,4085,2025-05-21,2025-10-29
Rice,Midwest,Silt,Mixed,Compost,242.98,3.66,889.31,520.6,1731,2025-05-27,2025-11-05
Barley,South,Silt,Organic,None,426.06,5.2,2215.51,378.3,874,2025-06-19,2025-11-26
Wheat,West,Loam,Conventional,Compost,197.86,2.82,557.97,439.4,3112,2025-06-10,2025-11-24
Wheat,West,Loam,Organic,Nitrogen-based,92.46,2.86,264.44,618.0,2603,2025-03-10,2025-07-05
Barley,West,Silt,Conventional,Nitrogen-based,419.86,8.6,3610.8,451.2,1586,2025-03-27,2025-06-26
Barley,North,Clay,Conventional,Compost,278.97,10.52,2934.76,520.6,4119,2025-03-12,2025-07-22
Soybeans,West,Sandy,Organic,Nitrogen-based,102.71,11.61,1192.46,335.0,4327,2025-03-07,2025-06-12
Wheat,Midwest,Loam,Mixed,Nitrogen-based,362.99,8.1,2940.22,496.2,1029,2025-03-17,2025-06-27
Rice,South,Clay,Mixed,Compost,260.45,3.43,893.34,772.3,3112,2025-05-04,2025-10-25
Corn,East,Peat,Conservation,Potassium-based,306.11,2.61,798.95,641.9,1605,2025-05-03,2025-09-04
Corn,Midwest,Loam,Conventional,Potassium-based,235.84,10.03,2365.48,546.7,4829,2025-06-22,2025-10-12
Barley,Midwest,Clay,Conservation,Phosphorus-based,416.07,7.58,3153.81,946.5,3044,2025-03-26,2025-08-08
Soybeans,West,Clay,Conservation,Nitrogen-based,416.49,7.99,3327.76,1093.5,2919,2025-03-15,2025-06-27
Corn,North,Sandy,Organic,Compost,357.6,9.71,3472.3,956.8,1284,2025-06-23,2025-09-22
Wheat,South,Sandy,Organic,Nitrogen-based,61.65,8.88,547.45,532.0,388,2025-04-02,2025-08-30
Barley,North,Peat,Organic,None,421.04,10.26,4319.87,944.4,1911,2025-05-01,2025-10-13
Rice,South,Clay,Conventional,Nitrogen-based,338.8,2.09,708.09,352.0,627,2025-06-09,2025-11-09
Barley,South,Clay,Organic,Nitrogen-based,351.54,9.35,3286.9,330.3,1016,2025-04-16,2025-09-04
Rice,North,Sandy,Organic,Potassium-based,187.86,10.43,1959.38,545.6,1808,2025-06-03,2025-10-06
Barley,Midwest,Loam,Conventional,Compost,440.85,4.5,1983.82,1007.7,3674,2025-04-04,2025-09-07
Barley,South,Loam,Conventional,Nitrogen-based,365.43,8.22,3003.83,446.3,3419,2025-05-04,2025-10-09
Barley,North,Silt,Mixed,Potassium-based,65.17,4.8,312.82,263.3,1506,2025-05-11,2025-10-14
Rice,South,Sandy,Organic,Phosphorus-based,209.81,11.56,2425.4,331.7,1341,2025-05-15,2025-09-28
Rice,East,Silt,Organic,Potassium-based,444.33,1.85,822.01,1058.7,3233,2025-06-26,2025-12-15
Barley,Midwest,Sandy,Organic,Potassium-based,33.13,7.59,251.46,833.8,898,2025-06-29,2025-09-28
Corn,West,Peat,Mixed,Potassium-based,481.09,3.25,1563.54,453.2,1623,2025-05-22,2025-10-02
Soybeans,South,Clay,Organic,Nitrogen-based,342.79,8.98,3078.25,755.3,4207,2025-03-25,2025-08-25
Soybeans,East,Peat,Mixed,Nitrogen-based,319.37,3.35,1069.89,727.6,2988,2025-04-26,2025-10-13
Soybeans,West,Sandy,Conservation,Phosphorus-based,142.57,3.97,566.0,855.4,2790,2025-04-01,2025-09-15
Rice,West,Clay,Mixed,None,131.91,6.69,882.48,433.2,4191,2025-05-02,2025-08-27
Rice,South,Loam,Conservation,None,471.61,11.11,5239.59,1064.4,1341,2025-03-12,2025-08-02
Corn,North,Loam,Organic,None,156.15,3.72,580.88,509.4,790,2025-05-02,2025-10-12
Soybeans,South,Silt,Conservation,Phosphorus-based,390.0,3.01,1173.9,894.1,627,2025-05-16,2025-10-19
Soybeans,East,Sandy,Mixed,None,202.63,9.47,1918.91,216.1,1595,2025-05-31,2025-10-03
Barley,West,Sandy,Conventional,None,78.23,6.76,528.83,572.7,3925,2025-03-01,2025-07-31
Rice,South,Loam,Conservation,Potassium-based,15.25,11.07,168.82,551.7,2993,2025-04-20,2025-08-12
Soybeans,North,Peat,Conservation,Nitrogen-based,276.69,3.04,841.14,743.5,992,2025-05-09,2025-10-31
Corn,South,Clay,Organic,Nitrogen-based,488.13,8.28,4041.72,272.7,486,2025-03-08,2025-07-23
Corn,Midwest,Peat,Mixed,Potassium-based,190.88,3.95,753.98,990.1,1349,2025-05-07,2025-09-12
Soybeans,North,Peat,Conservation,Potassium-based,185.02,3.15,582.81,417.8,2628,2025-03-05,2025-07-19
Rice,East,Loam,Conservation,Potassium-based,178.6,8.68,1550.25,877.0,4603,2025-05-28,2025-09-15
Corn,West,Loam,Conservation,Nitrogen-based,265.07,7.73,2048.99,1003.2,3628,2025-05-25,2025-09-21
Barley,South,Loam,Conservation,None,225.93,9.43,2130.52,761.9,997,2025-05-31,2025-09-28
Corn,North,Silt,Conventional,Potassium-based,441.16,4.75,2095.51,940.9,810,2025-04-08,2025-08-01
Wheat,Midwest,Peat,Mixed,Phosphorus-based,257.71,6.2,1597.8,861.9,3795,2025-03-23,2025-07-12
Wheat,North,Sandy,Organic,Potassium-based,258.8,5.76,1490.69,555.5,2786,2025-05-07,2025-08-25
Rice,Midwest,Clay,Organic,Compost,77.8,11.83,920.37,1008.9,4612,2025-04-21,2025-07-20
Soybeans,East,Silt,Conventional,Potassium-based,491.54,4.57,2246.34,494.7,515,2025-03-04,2025-07-08
