Date,Tax_Revenue_Billions
1980-01-01,177.45
1980-02-01,179.13
1980-03-01,186.76
1980-04-01,196.45
1980-05-01,175.93
1980-06-01,182.49
1980-07-01,200.89
1980-08-01,159.91
1980-09-01,107.92
1980-10-01,108.94
1980-11-01,110.41
1980-12-01,146.21
1981-01-01,188.03
1981-02-01,166.9
1981-03-01,165.57
1981-04-01,179.57
1981-05-01,178.65
1981-06-01,205.11
1981-07-01,177.98
1981-08-01,141.62
1981-09-01,151.34
1981-10-01,111.81
1981-11-01,132.77
1981-12-01,146.23
1982-01-01,190.63
1982-02-01,211.66
1982-03-01,188.58
1982-04-01,208.04
1982-05-01,199.23
1982-06-01,210.42
1982-07-01,196.97
1982-08-01,204.98
1982-09-01,143.56
1982-10-01,113.73
1982-11-01,158.5
1982-12-01,163.69
1983-01-01,216.33
1983-02-01,195.0
1983-03-01,200.32
1983-04-01,219.75
1983-05-01,233.72
1983-06-01,231.77
1983-07-01,218.67
1983-08-01,187.08
1983-09-01,135.98
1983-10-01,133.2
1983-11-01,153.65
1983-12-01,212.26
1984-01-01,232.75
1984-02-01,212.35
1984-03-01,239.5
1984-04-01,225.42
1984-05-01,226.89
1984-06-01,252.78
1984-07-01,250.26
1984-08-01,219.97
1984-09-01,159.97
1984-10-01,153.76
1984-11-01,179.93
1984-12-01,225.43
1985-01-01,234.81
1985-02-01,250.42
1985-03-01,232.45
1985-04-01,227.66
1985-05-01,263.63
1985-06-01,278.34
1985-07-01,248.12
1985-08-01,235.45
1985-09-01,192.38
1985-10-01,163.12
1985-11-01,194.78
1985-12-01,248.27
1986-01-01,255.86
1986-02-01,291.07
1986-03-01,224.14
1986-04-01,272.33
1986-05-01,267.15
1986-06-01,267.91
1986-07-01,264.98
1986-08-01,204.99
1986-09-01,198.06
1986-10-01,192.56
1986-11-01,225.93
1986-12-01,231.83
1987-01-01,258.67
1987-02-01,274.47
1987-03-01,291.57
1987-04-01,279.33
1987-05-01,272.29
1987-06-01,294.5
1987-07-01,279.46
1987-08-01,263.73
1987-09-01,205.23
1987-10-01,196.69
1987-11-01,212.28
1987-12-01,232.05
1988-01-01,289.64
1988-02-01,300.32
1988-03-01,292.32
1988-04-01,285.28
1988-05-01,273.41
1988-06-01,294.89
1988-07-01,287.26
1988-08-01,251.57
1988-09-01,227.74
1988-10-01,222.06
1988-11-01,260.85
1988-12-01,271.02
1989-01-01,303.46
1989-02-01,309.68
1989-03-01,277.86
1989-04-01,302.8
1989-05-01,309.94
1989-06-01,352.55
1989-07-01,303.91
1989-08-01,282.52
1989-09-01,244.04
1989-10-01,212.87
1989-11-01,264.1
1989-12-01,294.08
1990-01-01,325.87
1990-02-01,311.56
1990-03-01,342.08
1990-04-01,296.57
1990-05-01,332.24
1990-06-01,362.86
1990-07-01,306.34
1990-08-01,283.91
1990-09-01,260.45
1990-10-01,237.25
1990-11-01,238.1
1990-12-01,298.23
1991-01-01,312.47
1991-02-01,346.7
1991-03-01,321.65
1991-04-01,355.25
1991-05-01,326.09
1991-06-01,339.57
1991-07-01,347.8
1991-08-01,288.34
1991-09-01,276.77
1991-10-01,278.81
1991-11-01,251.65
1991-12-01,314.37
1992-01-01,346.7
1992-02-01,365.73
1992-03-01,331.29
1992-04-01,326.59
1992-05-01,360.07
1992-06-01,363.25
1992-07-01,353.76
1992-08-01,326.4
1992-09-01,277.56
1992-10-01,277.08
1992-11-01,294.56
1992-12-01,315.28
1993-01-01,385.19
1993-02-01,375.51
1993-03-01,346.37
1993-04-01,370.65
1993-05-01,352.02
1993-06-01,385.01
1993-07-01,381.78
1993-08-01,323.29
1993-09-01,316.61
1993-10-01,294.19
1993-11-01,316.89
1993-12-01,368.85
1994-01-01,367.92
1994-02-01,371.49
1994-03-01,365.3
1994-04-01,362.96
1994-05-01,379.88
1994-06-01,392.72
1994-07-01,382.95
1994-08-01,362.41
1994-09-01,316.75
1994-10-01,324.2
1994-11-01,314.99
1994-12-01,395.6
1995-01-01,395.39
1995-02-01,384.34
1995-03-01,376.98
1995-04-01,396.84
1995-05-01,392.09
1995-06-01,412.71
1995-07-01,400.3
1995-08-01,363.31
1995-09-01,318.26
1995-10-01,294.08
1995-11-01,326.66
1995-12-01,382.05
1996-01-01,403.61
1996-02-01,392.91
1996-03-01,410.04
1996-04-01,409.78
1996-05-01,396.58
1996-06-01,418.71
1996-07-01,408.47
1996-08-01,361.66
1996-09-01,350.73
1996-10-01,339.61
1996-11-01,364.0
1996-12-01,399.41
1997-01-01,394.13
1997-02-01,411.93
1997-03-01,429.57
1997-04-01,426.11
1997-05-01,431.97
1997-06-01,488.59
1997-07-01,430.56
1997-08-01,410.23
1997-09-01,374.07
1997-10-01,355.37
1997-11-01,357.43
1997-12-01,409.38
1998-01-01,417.61
1998-02-01,436.85
1998-03-01,428.96
1998-04-01,434.03
1998-05-01,473.36
1998-06-01,417.19
1998-07-01,446.69
1998-08-01,383.41
1998-09-01,367.08
1998-10-01,376.33
1998-11-01,377.52
1998-12-01,396.23
1999-01-01,432.87
1999-02-01,464.99
1999-03-01,439.69
1999-04-01,450.45
1999-05-01,453.72
1999-06-01,449.83
1999-07-01,482.96
1999-08-01,431.51
1999-09-01,358.18
1999-10-01,377.2
1999-11-01,381.03
1999-12-01,439.59
2000-01-01,446.11
2000-02-01,467.48
2000-03-01,472.62
2000-04-01,474.59
2000-05-01,449.44
2000-06-01,468.98
2000-07-01,458.08
2000-08-01,426.6
2000-09-01,429.44
2000-10-01,394.87
2000-11-01,386.45
2000-12-01,454.97
2001-01-01,504.23
2001-02-01,499.09
2001-03-01,456.65
2001-04-01,468.74
2001-05-01,500.84
2001-06-01,477.78
2001-07-01,486.26
2001-08-01,462.42
2001-09-01,403.46
2001-10-01,402.31
2001-11-01,371.14
2001-12-01,440.23
2002-01-01,483.01
2002-02-01,479.28
2002-03-01,518.33
2002-04-01,468.95
2002-05-01,489.64
2002-06-01,504.76
2002-07-01,515.62
2002-08-01,443.66
2002-09-01,449.21
2002-10-01,417.75
2002-11-01,419.44
2002-12-01,476.93
2003-01-01,504.19
2003-02-01,503.4
2003-03-01,509.29
2003-04-01,499.02
2003-05-01,512.34
2003-06-01,527.13
2003-07-01,532.19
2003-08-01,461.03
2003-09-01,478.15
2003-10-01,402.72
2003-11-01,446.28
2003-12-01,493.22
2004-01-01,519.81
2004-02-01,517.46
2004-03-01,519.52
2004-04-01,511.8
2004-05-01,516.2
2004-06-01,544.34
2004-07-01,528.16
2004-08-01,483.61
2004-09-01,474.05
2004-10-01,451.01
2004-11-01,475.15
2004-12-01,508.24
2005-01-01,517.57
2005-02-01,532.8
2005-03-01,548.25
2005-04-01,542.76
2005-05-01,539.13
2005-06-01,547.76
2005-07-01,556.36
2005-08-01,499.53
2005-09-01,483.17
2005-10-01,457.77
2005-11-01,474.09
2005-12-01,529.68
2006-01-01,556.78
2006-02-01,567.8
2006-03-01,571.02
2006-04-01,548.32
2006-05-01,564.07
2006-06-01,555.75
2006-07-01,556.46
2006-08-01,520.85
2006-09-01,490.81
2006-10-01,484.13
2006-11-01,479.49
2006-12-01,558.99
2007-01-01,543.71
2007-02-01,551.79
2007-03-01,583.21
2007-04-01,574.27
2007-05-01,577.6
2007-06-01,584.23
2007-07-01,565.82
2007-08-01,523.74
2007-09-01,504.9
2007-10-01,479.44
2007-11-01,520.79
2007-12-01,539.79
2008-01-01,560.82
2008-02-01,579.58
2008-03-01,586.43
2008-04-01,568.34
2008-05-01,570.31
2008-06-01,592.86
2008-07-01,584.07
2008-08-01,544.0
2008-09-01,511.09
2008-10-01,507.48
2008-11-01,498.84
2008-12-01,535.29
2009-01-01,576.82
2009-02-01,595.6
2009-03-01,599.3
2009-04-01,613.33
2009-05-01,609.91
2009-06-01,601.2
2009-07-01,594.51
2009-08-01,550.96
2009-09-01,532.28
2009-10-01,514.07
2009-11-01,539.8
2009-12-01,558.39
2010-01-01,609.79
2010-02-01,636.19
2010-03-01,607.41
2010-04-01,611.63
2010-05-01,621.79
2010-06-01,611.98
2010-07-01,612.56
2010-08-01,580.59
2010-09-01,548.42
2010-10-01,521.2
2010-11-01,549.73
2010-12-01,592.67
2011-01-01,638.17
2011-02-01,641.99
2011-03-01,655.74
2011-04-01,608.49
2011-05-01,638.93
2011-06-01,635.15
2011-07-01,656.45
2011-08-01,582.68
2011-09-01,548.76
2011-10-01,538.21
2011-11-01,531.9
2011-12-01,591.71
2012-01-01,619.41
2012-02-01,644.26
2012-03-01,642.97
2012-04-01,662.54
2012-05-01,654.5
2012-06-01,638.15
2012-07-01,624.52
2012-08-01,616.58
2012-09-01,555.96
2012-10-01,589.07
2012-11-01,595.85
2012-12-01,606.96
2013-01-01,619.5
2013-02-01,676.71
2013-03-01,650.52
2013-04-01,667.37
2013-05-01,630.72
2013-06-01,652.21
2013-07-01,652.48
2013-08-01,624.3
2013-09-01,583.41
2013-10-01,585.34
2013-11-01,576.54
2013-12-01,626.26
2014-01-01,661.4
2014-02-01,678.52
2014-03-01,677.32
2014-04-01,646.33
2014-05-01,646.03
2014-06-01,694.77
2014-07-01,671.78
2014-08-01,626.77
2014-09-01,627.83
2014-10-01,592.14
2014-11-01,624.65
2014-12-01,643.81
2015-01-01,704.91
2015-02-01,711.53
2015-03-01,677.31
2015-04-01,692.17
2015-05-01,693.12
2015-06-01,710.53
2015-07-01,666.73
2015-08-01,662.69
2015-09-01,634.84
2015-10-01,578.42
2015-11-01,603.61
2015-12-01,626.61
2016-01-01,684.36
2016-02-01,710.36
2016-03-01,717.98
2016-04-01,693.11
2016-05-01,722.27
2016-06-01,683.7
2016-07-01,670.05
2016-08-01,665.97
2016-09-01,639.12
2016-10-01,618.71
2016-11-01,604.75
2016-12-01,670.26
2017-01-01,683.23
2017-02-01,724.05
2017-03-01,715.34
2017-04-01,692.3
2017-05-01,704.53
2017-06-01,702.91
2017-07-01,709.06
2017-08-01,695.53
2017-09-01,632.97
2017-10-01,641.16
2017-11-01,642.21
2017-12-01,674.11
2018-01-01,715.59
2018-02-01,712.87
2018-03-01,715.94
2018-04-01,702.83
2018-05-01,756.11
2018-06-01,733.73
2018-07-01,713.9
2018-08-01,698.81
2018-09-01,660.47
2018-10-01,644.69
2018-11-01,673.77
2018-12-01,711.76
2019-01-01,723.64
2019-02-01,734.16
2019-03-01,734.52
2019-04-01,700.67
2019-05-01,718.31
2019-06-01,768.1
2019-07-01,763.47
2019-08-01,706.26
2019-09-01,685.21
2019-10-01,667.07
2019-11-01,725.14
2019-12-01,731.59
2020-01-01,744.08
2020-02-01,742.87
2020-03-01,728.94
2020-04-01,752.65
2020-05-01,744.1
2020-06-01,740.67
2020-07-01,743.5
2020-08-01,708.18
2020-09-01,716.27
2020-10-01,690.02
2020-11-01,693.24
2020-12-01,751.4
2021-01-01,761.56
2021-02-01,758.68
2021-03-01,790.29
2021-04-01,772.08
2021-05-01,754.28
2021-06-01,773.54
2021-07-01,754.47
2021-08-01,718.06
2021-09-01,719.25
2021-10-01,719.84
2021-11-01,686.78
2021-12-01,752.04
