Collection_Month,Tax_Category,Revenue_PHP_Millions
2014-01-01,Income Tax,88731.17
2014-01-01,Value-Added Tax (VAT),43389.49
2014-01-01,Excise Tax,23232.49
2014-01-01,Percentage Tax,7884.31
2014-01-01,Documentary Stamp Tax,4433.37
2014-02-01,Income Tax,84076.47
2014-02-01,Value-Added Tax (VAT),43143.9
2014-02-01,Excise Tax,23537.86
2014-02-01,Percentage Tax,6791.1
2014-02-01,Documentary Stamp Tax,4732.96
2014-03-01,Income Tax,82834.88
2014-03-01,Value-Added Tax (VAT),37024.95
2014-03-01,Excise Tax,22696.04
2014-03-01,Percentage Tax,5999.99
2014-03-01,Documentary Stamp Tax,3925.76
2014-04-01,Income Tax,144345.39
2014-04-01,Value-Added Tax (VAT),40805.55
2014-04-01,Excise Tax,22916.1
2014-04-01,Percentage Tax,6596.0
2014-04-01,Documentary Stamp Tax,4055.82
2014-05-01,Income Tax,96881.0
2014-05-01,Value-Added Tax (VAT),38065.91
2014-05-01,Excise Tax,22564.78
2014-05-01,Percentage Tax,6327.18
2014-05-01,Documentary Stamp Tax,4390.79
2014-06-01,Income Tax,87833.07
2014-06-01,Value-Added Tax (VAT),35337.33
2014-06-01,Excise Tax,23210.57
2014-06-01,Percentage Tax,6825.18
2014-06-01,Documentary Stamp Tax,4501.53
2014-07-01,Income Tax,83201.2
2014-07-01,Value-Added Tax (VAT),51597.45
2014-07-01,Excise Tax,22599.01
2014-07-01,Percentage Tax,6589.26
2014-07-01,Documentary Stamp Tax,4932.03
2014-08-01,Income Tax,79187.24
2014-08-01,Value-Added Tax (VAT),39888.71
2014-08-01,Excise Tax,19152.99
2014-08-01,Percentage Tax,6459.24
2014-08-01,Documentary Stamp Tax,4719.2
2014-09-01,Income Tax,93314.69
2014-09-01,Value-Added Tax (VAT),39930.11
2014-09-01,Excise Tax,22593.8
2014-09-01,Percentage Tax,7081.28
2014-09-01,Documentary Stamp Tax,4112.88
2014-10-01,Income Tax,83367.56
2014-10-01,Value-Added Tax (VAT),43803.82
2014-10-01,Excise Tax,24832.32
2014-10-01,Percentage Tax,7485.36
2014-10-01,Documentary Stamp Tax,4022.73
2014-11-01,Income Tax,91118.4
2014-11-01,Value-Added Tax (VAT),38482.64
2014-11-01,Excise Tax,21742.73
2014-11-01,Percentage Tax,7672.15
2014-11-01,Documentary Stamp Tax,5089.83
2014-12-01,Income Tax,95814.42
2014-12-01,Value-Added Tax (VAT),37188.26
2014-12-01,Excise Tax,22508.63
2014-12-01,Percentage Tax,7538.1
2014-12-01,Documentary Stamp Tax,5089.25
2015-01-01,Income Tax,86095.7
2015-01-01,Value-Added Tax (VAT),45344.11
2015-01-01,Excise Tax,21121.0
2015-01-01,Percentage Tax,6667.31
2015-01-01,Documentary Stamp Tax,5047.79
2015-02-01,Income Tax,99638.3
2015-02-01,Value-Added Tax (VAT),39952.73
2015-02-01,Excise Tax,25132.29
2015-02-01,Percentage Tax,7616.51
2015-02-01,Documentary Stamp Tax,4513.07
2015-03-01,Income Tax,92854.45
2015-03-01,Value-Added Tax (VAT),45309.12
2015-03-01,Excise Tax,23290.66
2015-03-01,Percentage Tax,8362.24
2015-03-01,Documentary Stamp Tax,3776.39
2015-04-01,Income Tax,168986.74
2015-04-01,Value-Added Tax (VAT),46906.68
2015-04-01,Excise Tax,22890.08
2015-04-01,Percentage Tax,7516.47
2015-04-01,Documentary Stamp Tax,4034.09
2015-05-01,Income Tax,89370.05
2015-05-01,Value-Added Tax (VAT),41830.22
2015-05-01,Excise Tax,26328.59
2015-05-01,Percentage Tax,7180.93
2015-05-01,Documentary Stamp Tax,4504.49
2015-06-01,Income Tax,87666.44
2015-06-01,Value-Added Tax (VAT),43821.18
2015-06-01,Excise Tax,24260.73
2015-06-01,Percentage Tax,7202.74
2015-06-01,Documentary Stamp Tax,5033.8
2015-07-01,Income Tax,92410.06
2015-07-01,Value-Added Tax (VAT),50796.74
2015-07-01,Excise Tax,22400.6
2015-07-01,Percentage Tax,7353.64
2015-07-01,Documentary Stamp Tax,4702.31
2015-08-01,Income Tax,81285.66
2015-08-01,Value-Added Tax (VAT),42133.37
2015-08-01,Excise Tax,24326.16
2015-08-01,Percentage Tax,7584.9
2015-08-01,Documentary Stamp Tax,4782.54
2015-09-01,Income Tax,81966.81
2015-09-01,Value-Added Tax (VAT),39932.39
2015-09-01,Excise Tax,23267.9
2015-09-01,Percentage Tax,7123.56
2015-09-01,Documentary Stamp Tax,4830.37
2015-10-01,Income Tax,95802.46
2015-10-01,Value-Added Tax (VAT),54910.93
2015-10-01,Excise Tax,24354.98
2015-10-01,Percentage Tax,7800.04
2015-10-01,Documentary Stamp Tax,4883.82
2015-11-01,Income Tax,78871.56
2015-11-01,Value-Added Tax (VAT),41565.87
2015-11-01,Excise Tax,24231.8
2015-11-01,Percentage Tax,9185.21
2015-11-01,Documentary Stamp Tax,4856.83
2015-12-01,Income Tax,95803.3
2015-12-01,Value-Added Tax (VAT),41704.7
2015-12-01,Excise Tax,21948.37
2015-12-01,Percentage Tax,8408.17
2015-12-01,Documentary Stamp Tax,5250.38
2016-01-01,Income Tax,99864.34
2016-01-01,Value-Added Tax (VAT),44773.46
2016-01-01,Excise Tax,27036.94
2016-01-01,Percentage Tax,6867.23
2016-01-01,Documentary Stamp Tax,5205.72
2016-02-01,Income Tax,110820.65
2016-02-01,Value-Added Tax (VAT),38815.5
2016-02-01,Excise Tax,23300.45
2016-02-01,Percentage Tax,7827.5
2016-02-01,Documentary Stamp Tax,4791.09
2016-03-01,Income Tax,82929.1
2016-03-01,Value-Added Tax (VAT),42556.85
2016-03-01,Excise Tax,22421.34
2016-03-01,Percentage Tax,8092.05
2016-03-01,Documentary Stamp Tax,4643.47
2016-04-01,Income Tax,186967.11
2016-04-01,Value-Added Tax (VAT),45806.01
2016-04-01,Excise Tax,23967.92
2016-04-01,Percentage Tax,8337.29
2016-04-01,Documentary Stamp Tax,4536.67
2016-05-01,Income Tax,97169.13
2016-05-01,Value-Added Tax (VAT),47125.4
2016-05-01,Excise Tax,21523.78
2016-05-01,Percentage Tax,7975.24
2016-05-01,Documentary Stamp Tax,5157.35
2016-06-01,Income Tax,101807.08
2016-06-01,Value-Added Tax (VAT),38595.88
2016-06-01,Excise Tax,22179.31
2016-06-01,Percentage Tax,8220.06
2016-06-01,Documentary Stamp Tax,5193.04
2016-07-01,Income Tax,98125.3
2016-07-01,Value-Added Tax (VAT),50827.6
2016-07-01,Excise Tax,23543.68
2016-07-01,Percentage Tax,8069.35
2016-07-01,Documentary Stamp Tax,5212.22
2016-08-01,Income Tax,91062.84
2016-08-01,Value-Added Tax (VAT),49622.82
2016-08-01,Excise Tax,25945.36
2016-08-01,Percentage Tax,7195.8
2016-08-01,Documentary Stamp Tax,5381.75
2016-09-01,Income Tax,89407.59
2016-09-01,Value-Added Tax (VAT),46080.35
2016-09-01,Excise Tax,27424.03
2016-09-01,Percentage Tax,7461.36
2016-09-01,Documentary Stamp Tax,5529.29
2016-10-01,Income Tax,100571.5
2016-10-01,Value-Added Tax (VAT),53344.43
2016-10-01,Excise Tax,29021.82
2016-10-01,Percentage Tax,7860.2
2016-10-01,Documentary Stamp Tax,4843.38
2016-11-01,Income Tax,90790.26
2016-11-01,Value-Added Tax (VAT),40846.24
2016-11-01,Excise Tax,25142.91
2016-11-01,Percentage Tax,8269.36
2016-11-01,Documentary Stamp Tax,5289.33
2016-12-01,Income Tax,104631.14
2016-12-01,Value-Added Tax (VAT),43918.63
2016-12-01,Excise Tax,28353.75
2016-12-01,Percentage Tax,7910.75
2016-12-01,Documentary Stamp Tax,6326.09
2017-01-01,Income Tax,103461.24
2017-01-01,Value-Added Tax (VAT),47182.16
2017-01-01,Excise Tax,23316.98
2017-01-01,Percentage Tax,8427.38
2017-01-01,Documentary Stamp Tax,5123.02
2017-02-01,Income Tax,104574.14
2017-02-01,Value-Added Tax (VAT),45898.98
2017-02-01,Excise Tax,25454.59
2017-02-01,Percentage Tax,7594.77
2017-02-01,Documentary Stamp Tax,4602.46
2017-03-01,Income Tax,95771.51
2017-03-01,Value-Added Tax (VAT),47443.61
2017-03-01,Excise Tax,26146.46
2017-03-01,Percentage Tax,7364.1
2017-03-01,Documentary Stamp Tax,5330.93
2017-04-01,Income Tax,179883.2
2017-04-01,Value-Added Tax (VAT),47641.11
2017-04-01,Excise Tax,26126.4
2017-04-01,Percentage Tax,8250.2
2017-04-01,Documentary Stamp Tax,4796.4
2017-05-01,Income Tax,102981.06
2017-05-01,Value-Added Tax (VAT),46765.45
2017-05-01,Excise Tax,28157.38
2017-05-01,Percentage Tax,8939.87
2017-05-01,Documentary Stamp Tax,4716.07
2017-06-01,Income Tax,92974.61
2017-06-01,Value-Added Tax (VAT),46788.04
2017-06-01,Excise Tax,27085.21
2017-06-01,Percentage Tax,8618.86
2017-06-01,Documentary Stamp Tax,6961.59
2017-07-01,Income Tax,105527.04
2017-07-01,Value-Added Tax (VAT),56597.11
2017-07-01,Excise Tax,28113.43
2017-07-01,Percentage Tax,8743.98
2017-07-01,Documentary Stamp Tax,5207.97
2017-08-01,Income Tax,107473.66
2017-08-01,Value-Added Tax (VAT),42496.22
2017-08-01,Excise Tax,25727.59
2017-08-01,Percentage Tax,8020.14
2017-08-01,Documentary Stamp Tax,5399.22
2017-09-01,Income Tax,120564.0
2017-09-01,Value-Added Tax (VAT),38684.38
2017-09-01,Excise Tax,27774.83
2017-09-01,Percentage Tax,7296.67
2017-09-01,Documentary Stamp Tax,5182.22
2017-10-01,Income Tax,111031.35
2017-10-01,Value-Added Tax (VAT),52778.84
2017-10-01,Excise Tax,24155.46
2017-10-01,Percentage Tax,7929.71
2017-10-01,Documentary Stamp Tax,5701.06
2017-11-01,Income Tax,96550.91
2017-11-01,Value-Added Tax (VAT),46636.32
2017-11-01,Excise Tax,26637.14
2017-11-01,Percentage Tax,8004.46
2017-11-01,Documentary Stamp Tax,6359.82
2017-12-01,Income Tax,108173.64
2017-12-01,Value-Added Tax (VAT),38569.14
2017-12-01,Excise Tax,27044.01
2017-12-01,Percentage Tax,8029.57
2017-12-01,Documentary Stamp Tax,5822.12
2018-01-01,Income Tax,96810.9
2018-01-01,Value-Added Tax (VAT),52653.66
2018-01-01,Excise Tax,27833.93
2018-01-01,Percentage Tax,9101.93
2018-01-01,Documentary Stamp Tax,4946.77
2018-02-01,Income Tax,101000.72
2018-02-01,Value-Added Tax (VAT),44631.99
2018-02-01,Excise Tax,25456.26
2018-02-01,Percentage Tax,9753.47
2018-02-01,Documentary Stamp Tax,5672.12
2018-03-01,Income Tax,93682.92
2018-03-01,Value-Added Tax (VAT),50000.72
2018-03-01,Excise Tax,31545.94
2018-03-01,Percentage Tax,9289.33
2018-03-01,Documentary Stamp Tax,4845.62
2018-04-01,Income Tax,175975.21
2018-04-01,Value-Added Tax (VAT),59232.63
2018-04-01,Excise Tax,25542.62
2018-04-01,Percentage Tax,8920.79
2018-04-01,Documentary Stamp Tax,5881.36
2018-05-01,Income Tax,97239.84
2018-05-01,Value-Added Tax (VAT),46730.16
2018-05-01,Excise Tax,20134.97
2018-05-01,Percentage Tax,7940.55
2018-05-01,Documentary Stamp Tax,5447.97
2018-06-01,Income Tax,94922.13
2018-06-01,Value-Added Tax (VAT),53297.93
2018-06-01,Excise Tax,24169.92
2018-06-01,Percentage Tax,8378.27
2018-06-01,Documentary Stamp Tax,5640.94
2018-07-01,Income Tax,118077.07
2018-07-01,Value-Added Tax (VAT),48177.38
2018-07-01,Excise Tax,29951.47
2018-07-01,Percentage Tax,8725.85
2018-07-01,Documentary Stamp Tax,5164.79
2018-08-01,Income Tax,110223.02
2018-08-01,Value-Added Tax (VAT),48276.2
2018-08-01,Excise Tax,26190.25
2018-08-01,Percentage Tax,8802.47
2018-08-01,Documentary Stamp Tax,5453.84
2018-09-01,Income Tax,107687.86
2018-09-01,Value-Added Tax (VAT),50236.74
2018-09-01,Excise Tax,31125.94
2018-09-01,Percentage Tax,7918.31
2018-09-01,Documentary Stamp Tax,6613.91
2018-10-01,Income Tax,90412.98
2018-10-01,Value-Added Tax (VAT),54416.54
2018-10-01,Excise Tax,29037.01
2018-10-01,Percentage Tax,9022.11
2018-10-01,Documentary Stamp Tax,5389.84
2018-11-01,Income Tax,105783.08
2018-11-01,Value-Added Tax (VAT),46195.23
2018-11-01,Excise Tax,26529.96
2018-11-01,Percentage Tax,9461.18
2018-11-01,Documentary Stamp Tax,5857.76
2018-12-01,Income Tax,102017.47
2018-12-01,Value-Added Tax (VAT),51759.27
2018-12-01,Excise Tax,28641.32
2018-12-01,Percentage Tax,9472.88
2018-12-01,Documentary Stamp Tax,6005.89
2019-01-01,Income Tax,101245.01
2019-01-01,Value-Added Tax (VAT),53250.74
2019-01-01,Excise Tax,29743.79
2019-01-01,Percentage Tax,9366.11
2019-01-01,Documentary Stamp Tax,5731.16
2019-02-01,Income Tax,109892.1
2019-02-01,Value-Added Tax (VAT),53646.25
2019-02-01,Excise Tax,26844.62
2019-02-01,Percentage Tax,9358.2
2019-02-01,Documentary Stamp Tax,5670.49
2019-03-01,Income Tax,107402.2
2019-03-01,Value-Added Tax (VAT),53161.51
2019-03-01,Excise Tax,30159.03
2019-03-01,Percentage Tax,9587.48
2019-03-01,Documentary Stamp Tax,6391.13
2019-04-01,Income Tax,192372.83
2019-04-01,Value-Added Tax (VAT),59498.88
2019-04-01,Excise Tax,27699.03
2019-04-01,Percentage Tax,9272.03
2019-04-01,Documentary Stamp Tax,5749.43
2019-05-01,Income Tax,111036.88
2019-05-01,Value-Added Tax (VAT),51603.08
2019-05-01,Excise Tax,26650.97
2019-05-01,Percentage Tax,10592.68
2019-05-01,Documentary Stamp Tax,5363.7
2019-06-01,Income Tax,99877.29
2019-06-01,Value-Added Tax (VAT),54036.76
2019-06-01,Excise Tax,30445.07
2019-06-01,Percentage Tax,9564.96
2019-06-01,Documentary Stamp Tax,6150.88
2019-07-01,Income Tax,110956.3
2019-07-01,Value-Added Tax (VAT),53001.84
2019-07-01,Excise Tax,28920.59
2019-07-01,Percentage Tax,8651.04
2019-07-01,Documentary Stamp Tax,6338.61
2019-08-01,Income Tax,110197.52
2019-08-01,Value-Added Tax (VAT),46559.09
2019-08-01,Excise Tax,28119.2
2019-08-01,Percentage Tax,9486.49
2019-08-01,Documentary Stamp Tax,5637.2
2019-09-01,Income Tax,104591.25
2019-09-01,Value-Added Tax (VAT),51026.39
2019-09-01,Excise Tax,29544.56
2019-09-01,Percentage Tax,8845.94
2019-09-01,Documentary Stamp Tax,5703.7
2019-10-01,Income Tax,114489.89
2019-10-01,Value-Added Tax (VAT),51093.88
2019-10-01,Excise Tax,25816.86
2019-10-01,Percentage Tax,8724.7
2019-10-01,Documentary Stamp Tax,5849.15
2019-11-01,Income Tax,115659.8
2019-11-01,Value-Added Tax (VAT),56406.62
2019-11-01,Excise Tax,31213.08
2019-11-01,Percentage Tax,9174.85
2019-11-01,Documentary Stamp Tax,5965.47
2019-12-01,Income Tax,104216.99
2019-12-01,Value-Added Tax (VAT),50578.65
2019-12-01,Excise Tax,28648.6
2019-12-01,Percentage Tax,9571.84
2019-12-01,Documentary Stamp Tax,5601.49
2020-01-01,Income Tax,118483.84
2020-01-01,Value-Added Tax (VAT),65656.07
2020-01-01,Excise Tax,29186.93
2020-01-01,Percentage Tax,9669.33
2020-01-01,Documentary Stamp Tax,6354.96
2020-02-01,Income Tax,110546.56
2020-02-01,Value-Added Tax (VAT),51975.08
2020-02-01,Excise Tax,29590.66
2020-02-01,Percentage Tax,9479.23
2020-02-01,Documentary Stamp Tax,5672.62
2020-03-01,Income Tax,114894.2
2020-03-01,Value-Added Tax (VAT),53306.3
2020-03-01,Excise Tax,33124.62
2020-03-01,Percentage Tax,10168.06
2020-03-01,Documentary Stamp Tax,7116.44
2020-04-01,Income Tax,189106.01
2020-04-01,Value-Added Tax (VAT),63319.92
2020-04-01,Excise Tax,30234.9
2020-04-01,Percentage Tax,11142.08
2020-04-01,Documentary Stamp Tax,5700.89
2020-05-01,Income Tax,107823.57
2020-05-01,Value-Added Tax (VAT),49197.0
2020-05-01,Excise Tax,24833.78
2020-05-01,Percentage Tax,9118.68
2020-05-01,Documentary Stamp Tax,5747.76
2020-06-01,Income Tax,117447.17
2020-06-01,Value-Added Tax (VAT),53300.05
2020-06-01,Excise Tax,34545.02
2020-06-01,Percentage Tax,10283.8
2020-06-01,Documentary Stamp Tax,5860.32
2020-07-01,Income Tax,108140.8
2020-07-01,Value-Added Tax (VAT),62259.85
2020-07-01,Excise Tax,26971.73
2020-07-01,Percentage Tax,11001.24
2020-07-01,Documentary Stamp Tax,6750.47
2020-08-01,Income Tax,112590.39
2020-08-01,Value-Added Tax (VAT),45130.06
2020-08-01,Excise Tax,33556.83
2020-08-01,Percentage Tax,9545.47
2020-08-01,Documentary Stamp Tax,6806.4
2020-09-01,Income Tax,102467.97
2020-09-01,Value-Added Tax (VAT),49988.96
2020-09-01,Excise Tax,30411.34
2020-09-01,Percentage Tax,9708.63
2020-09-01,Documentary Stamp Tax,5994.02
2020-10-01,Income Tax,123794.55
2020-10-01,Value-Added Tax (VAT),55446.29
2020-10-01,Excise Tax,30172.55
2020-10-01,Percentage Tax,9804.42
2020-10-01,Documentary Stamp Tax,6499.69
2020-11-01,Income Tax,125130.44
2020-11-01,Value-Added Tax (VAT),48165.58
2020-11-01,Excise Tax,26881.57
2020-11-01,Percentage Tax,10746.38
2020-11-01,Documentary Stamp Tax,6434.36
2020-12-01,Income Tax,111746.67
2020-12-01,Value-Added Tax (VAT),59733.42
2020-12-01,Excise Tax,31049.53
2020-12-01,Percentage Tax,10712.32
2020-12-01,Documentary Stamp Tax,6326.8
2021-01-01,Income Tax,139013.89
2021-01-01,Value-Added Tax (VAT),69970.44
2021-01-01,Excise Tax,30272.69
2021-01-01,Percentage Tax,10591.85
2021-01-01,Documentary Stamp Tax,6644.18
2021-02-01,Income Tax,132935.76
2021-02-01,Value-Added Tax (VAT),49430.31
2021-02-01,Excise Tax,32713.48
2021-02-01,Percentage Tax,10702.78
2021-02-01,Documentary Stamp Tax,5450.76
2021-03-01,Income Tax,108908.89
2021-03-01,Value-Added Tax (VAT),45005.97
2021-03-01,Excise Tax,30464.44
2021-03-01,Percentage Tax,10475.43
2021-03-01,Documentary Stamp Tax,7134.06
2021-04-01,Income Tax,212613.3
2021-04-01,Value-Added Tax (VAT),70183.94
2021-04-01,Excise Tax,27808.67
2021-04-01,Percentage Tax,8590.98
2021-04-01,Documentary Stamp Tax,6365.68
2021-05-01,Income Tax,124986.26
2021-05-01,Value-Added Tax (VAT),54068.79
2021-05-01,Excise Tax,26194.13
2021-05-01,Percentage Tax,9914.96
2021-05-01,Documentary Stamp Tax,5749.73
2021-06-01,Income Tax,128267.92
2021-06-01,Value-Added Tax (VAT),56023.66
2021-06-01,Excise Tax,29141.32
2021-06-01,Percentage Tax,9613.94
2021-06-01,Documentary Stamp Tax,5899.19
2021-07-01,Income Tax,121619.61
2021-07-01,Value-Added Tax (VAT),67643.74
2021-07-01,Excise Tax,29141.85
2021-07-01,Percentage Tax,10472.12
2021-07-01,Documentary Stamp Tax,6196.62
2021-08-01,Income Tax,114937.26
2021-08-01,Value-Added Tax (VAT),54393.94
2021-08-01,Excise Tax,29132.59
2021-08-01,Percentage Tax,9658.84
2021-08-01,Documentary Stamp Tax,5874.41
2021-09-01,Income Tax,142578.61
2021-09-01,Value-Added Tax (VAT),55238.56
2021-09-01,Excise Tax,30105.1
2021-09-01,Percentage Tax,10320.6
2021-09-01,Documentary Stamp Tax,6464.39
2021-10-01,Income Tax,121518.39
2021-10-01,Value-Added Tax (VAT),66723.85
2021-10-01,Excise Tax,33958.11
2021-10-01,Percentage Tax,9755.13
2021-10-01,Documentary Stamp Tax,6247.41
2021-11-01,Income Tax,121467.1
2021-11-01,Value-Added Tax (VAT),45299.63
2021-11-01,Excise Tax,28249.31
2021-11-01,Percentage Tax,11346.69
2021-11-01,Documentary Stamp Tax,7440.59
2021-12-01,Income Tax,122212.49
2021-12-01,Value-Added Tax (VAT),58318.11
2021-12-01,Excise Tax,33078.1
2021-12-01,Percentage Tax,12798.55
2021-12-01,Documentary Stamp Tax,7192.87
2022-01-01,Income Tax,123914.42
2022-01-01,Value-Added Tax (VAT),59444.98
2022-01-01,Excise Tax,28239.2
2022-01-01,Percentage Tax,10478.05
2022-01-01,Documentary Stamp Tax,6226.95
2022-02-01,Income Tax,111394.61
2022-02-01,Value-Added Tax (VAT),53287.01
2022-02-01,Excise Tax,29718.29
2022-02-01,Percentage Tax,11748.62
2022-02-01,Documentary Stamp Tax,7123.87
2022-03-01,Income Tax,126118.68
2022-03-01,Value-Added Tax (VAT),63098.14
2022-03-01,Excise Tax,32865.48
2022-03-01,Percentage Tax,9676.78
2022-03-01,Documentary Stamp Tax,7495.23
2022-04-01,Income Tax,231291.42
2022-04-01,Value-Added Tax (VAT),59735.39
2022-04-01,Excise Tax,32294.61
2022-04-01,Percentage Tax,9703.52
2022-04-01,Documentary Stamp Tax,5965.81
2022-05-01,Income Tax,136636.36
2022-05-01,Value-Added Tax (VAT),65557.89
2022-05-01,Excise Tax,29241.3
2022-05-01,Percentage Tax,10948.0
2022-05-01,Documentary Stamp Tax,6384.14
2022-06-01,Income Tax,122742.39
2022-06-01,Value-Added Tax (VAT),54392.22
2022-06-01,Excise Tax,30771.98
2022-06-01,Percentage Tax,10558.92
2022-06-01,Documentary Stamp Tax,6312.14
2022-07-01,Income Tax,131004.97
2022-07-01,Value-Added Tax (VAT),65660.61
2022-07-01,Excise Tax,32554.63
2022-07-01,Percentage Tax,9793.44
2022-07-01,Documentary Stamp Tax,6475.43
2022-08-01,Income Tax,136523.56
2022-08-01,Value-Added Tax (VAT),59862.34
2022-08-01,Excise Tax,30715.91
2022-08-01,Percentage Tax,10686.65
2022-08-01,Documentary Stamp Tax,7225.53
2022-09-01,Income Tax,111995.63
2022-09-01,Value-Added Tax (VAT),60298.0
2022-09-01,Excise Tax,31681.66
2022-09-01,Percentage Tax,11130.72
2022-09-01,Documentary Stamp Tax,6425.25
2022-10-01,Income Tax,111037.08
2022-10-01,Value-Added Tax (VAT),58032.69
2022-10-01,Excise Tax,33718.15
2022-10-01,Percentage Tax,10909.45
2022-10-01,Documentary Stamp Tax,6373.42
2022-11-01,Income Tax,136950.94
2022-11-01,Value-Added Tax (VAT),50506.73
2022-11-01,Excise Tax,33545.02
2022-11-01,Percentage Tax,9690.59
2022-11-01,Documentary Stamp Tax,6538.24
2022-12-01,Income Tax,131311.75
2022-12-01,Value-Added Tax (VAT),54456.8
2022-12-01,Excise Tax,32816.56
2022-12-01,Percentage Tax,11640.33
2022-12-01,Documentary Stamp Tax,6605.91
2023-01-01,Income Tax,140119.69
2023-01-01,Value-Added Tax (VAT),61421.13
2023-01-01,Excise Tax,35434.41
2023-01-01,Percentage Tax,12063.53
2023-01-01,Documentary Stamp Tax,5578.36
2023-02-01,Income Tax,123457.77
2023-02-01,Value-Added Tax (VAT),61672.64
2023-02-01,Excise Tax,33575.2
2023-02-01,Percentage Tax,11181.85
2023-02-01,Documentary Stamp Tax,6643.74
2023-03-01,Income Tax,133308.89
2023-03-01,Value-Added Tax (VAT),58449.79
2023-03-01,Excise Tax,37467.34
2023-03-01,Percentage Tax,11124.77
2023-03-01,Documentary Stamp Tax,7198.28
2023-04-01,Income Tax,224947.76
2023-04-01,Value-Added Tax (VAT),65671.48
2023-04-01,Excise Tax,33212.66
2023-04-01,Percentage Tax,11291.89
2023-04-01,Documentary Stamp Tax,6800.02
2023-05-01,Income Tax,136546.75
2023-05-01,Value-Added Tax (VAT),69567.06
2023-05-01,Excise Tax,36947.93
2023-05-01,Percentage Tax,10703.6
2023-05-01,Documentary Stamp Tax,7744.1
2023-06-01,Income Tax,129612.71
2023-06-01,Value-Added Tax (VAT),50133.31
2023-06-01,Excise Tax,31882.2
2023-06-01,Percentage Tax,9382.79
2023-06-01,Documentary Stamp Tax,6893.95
2023-07-01,Income Tax,134721.02
2023-07-01,Value-Added Tax (VAT),78436.01
2023-07-01,Excise Tax,35728.29
2023-07-01,Percentage Tax,10884.17
2023-07-01,Documentary Stamp Tax,7594.34
2023-08-01,Income Tax,111169.86
2023-08-01,Value-Added Tax (VAT),61518.28
2023-08-01,Excise Tax,37112.7
2023-08-01,Percentage Tax,9807.0
2023-08-01,Documentary Stamp Tax,7804.54
2023-09-01,Income Tax,139273.17
2023-09-01,Value-Added Tax (VAT),58607.65
2023-09-01,Excise Tax,36873.45
2023-09-01,Percentage Tax,13195.73
2023-09-01,Documentary Stamp Tax,7283.33
2023-10-01,Income Tax,138847.03
2023-10-01,Value-Added Tax (VAT),67421.6
2023-10-01,Excise Tax,32841.46
2023-10-01,Percentage Tax,11956.59
2023-10-01,Documentary Stamp Tax,6713.97
2023-11-01,Income Tax,137470.69
2023-11-01,Value-Added Tax (VAT),58772.55
2023-11-01,Excise Tax,36733.73
2023-11-01,Percentage Tax,11557.14
2023-11-01,Documentary Stamp Tax,7837.08
2023-12-01,Income Tax,131635.5
2023-12-01,Value-Added Tax (VAT),60027.47
2023-12-01,Excise Tax,32738.39
2023-12-01,Percentage Tax,10899.99
2023-12-01,Documentary Stamp Tax,7484.67
