Shipment_Status,Transport_Mode,Package_Type,Delivery_Region,Payment_Status,Shipment_ID,Package_Weight_kg,Shipping_Cost,Delivery_Distance_km,Quantity,Order_Date,Delivery_Date
Delayed,Truck,Pallet,Local,Paid,6836,36.2,675.54,4344,792,4/12/2021,3/17/2020
Delivered,Truck,Crate,National,Pending,1841,83.0,488.84,885,260,5/31/2022,9/3/2022
Delayed,Ship,Envelope,Local,Overdue,8534,7.1,240.12,1991,761,7/8/2021,10/20/2022
Out for Delivery,Airplane,Box,International,Paid,7016,80.7,887.5,2007,203,4/30/2022,10/4/2021
Out for Delivery,Truck,Pallet,Local,Paid,9887,92.9,711.78,2848,177,7/14/2021,1/6/2020
Delayed,Train,Crate,National,Pending,6988,10.6,423.03,2752,748,7/29/2020,11/24/2021
In Transit,Airplane,Crate,National,Pending,2782,14.0,603.2,389,892,8/25/2020,1/30/2022
Delivered,Ship,Box,Local,Overdue,1211,21.0,736.63,4300,655,7/4/2022,11/16/2022
Delayed,Airplane,Box,International,Overdue,4033,6.8,832.79,2080,931,6/24/2020,10/25/2022
Delivered,Train,Crate,International,Pending,5265,4.8,876.36,650,457,1/10/2020,8/14/2020
Delivered,Ship,Pallet,Local,Paid,1227,93.2,461.07,2805,911,6/4/2022,6/27/2022
In Transit,Airplane,Crate,Local,Overdue,8133,34.5,465.45,1709,390,5/29/2022,1/17/2020
Delayed,Airplane,Crate,International,Overdue,5126,58.4,29.21,4339,776,5/12/2021,6/22/2021
Out for Delivery,Airplane,Envelope,National,Overdue,6629,39.2,845.42,253,624,12/7/2021,10/26/2022
In Transit,Airplane,Crate,National,Pending,1842,90.2,464.07,312,395,9/17/2021,11/10/2020
In Transit,Airplane,Pallet,Local,Overdue,3342,99.8,415.07,2640,911,7/1/2021,9/13/2020
Delivered,Ship,Crate,National,Overdue,6076,87.0,235.27,4177,758,11/12/2021,1/25/2020
Out for Delivery,Airplane,Box,National,Pending,5533,95.2,854.66,210,968,11/2/2021,12/21/2021
Out for Delivery,Ship,Pallet,International,Pending,6480,59.3,9.86,4145,865,12/5/2020,9/21/2020
In Transit,Train,Pallet,National,Pending,1272,36.7,838.32,3039,414,1/4/2021,2/25/2021
In Transit,Train,Pallet,International,Pending,1324,54.3,957.29,1648,433,6/24/2022,12/30/2021
Out for Delivery,Airplane,Box,Local,Overdue,9469,29.1,73.91,2758,607,4/30/2020,2/13/2021
In Transit,Ship,Crate,Local,Overdue,6989,53.8,17.97,3520,93,6/16/2021,11/27/2020
Delayed,Train,Pallet,National,Pending,2416,35.2,16.01,1569,942,11/11/2022,2/15/2022
Delivered,Ship,Crate,National,Overdue,3863,20.5,714.32,771,478,12/20/2020,3/21/2021
In Transit,Truck,Pallet,National,Pending,6539,94.8,344.81,2695,359,1/23/2020,11/3/2022
In Transit,Ship,Crate,National,Pending,5031,50.5,646.36,3038,433,12/5/2020,8/20/2022
In Transit,Truck,Pallet,Local,Overdue,1231,76.9,35.18,135,539,6/12/2020,6/30/2022
Delayed,Train,Box,National,Paid,1780,22.2,312.56,3116,90,10/7/2021,11/3/2022
In Transit,Ship,Crate,National,Paid,8077,65.9,693.21,3838,963,2/22/2020,10/21/2022
In Transit,Train,Crate,International,Paid,3136,31.8,894.61,3703,53,1/15/2021,12/27/2022
Delayed,Ship,Envelope,Local,Paid,9670,25.1,278.76,1576,538,1/15/2021,10/30/2020
Delayed,Airplane,Envelope,Local,Paid,3846,55.9,707.97,524,282,11/22/2022,1/7/2021
Delivered,Truck,Crate,National,Pending,5881,21.1,528.01,825,331,2/26/2022,12/9/2022
In Transit,Airplane,Crate,International,Paid,2183,32.7,158.15,2098,121,8/16/2021,9/29/2021
Out for Delivery,Ship,Envelope,National,Paid,7260,9.3,828.23,1269,425,3/11/2021,10/30/2020
In Transit,Airplane,Box,International,Overdue,6887,45.8,494.5,692,769,5/20/2020,3/14/2022
Delayed,Ship,Crate,Local,Overdue,8366,35.6,516.65,4157,370,6/13/2020,12/18/2022
Delivered,Truck,Crate,National,Paid,3952,52.8,507.82,97,139,4/21/2021,1/10/2020
Delivered,Ship,Envelope,Local,Overdue,1894,2.9,325.41,192,20,4/21/2020,4/21/2022
Delivered,Train,Crate,International,Paid,2264,25.1,585.61,4801,52,12/22/2020,8/20/2020
Delayed,Train,Box,International,Pending,6291,91.3,945.78,4711,391,2/16/2021,5/12/2022
In Transit,Train,Box,International,Pending,3412,61.2,416.91,17,513,8/23/2022,2/26/2022
Delivered,Truck,Crate,Local,Paid,8939,76.8,319.69,4508,634,2/10/2021,1/16/2022
Delayed,Train,Pallet,National,Paid,7025,93.6,386.96,4402,809,4/30/2021,10/24/2020
Out for Delivery,Train,Envelope,Local,Pending,9277,45.6,543.74,1060,509,8/25/2022,10/17/2021
Delayed,Airplane,Crate,International,Overdue,3449,71.9,587.39,2102,170,5/6/2020,3/25/2021
Delayed,Train,Crate,International,Paid,6572,82.9,2.16,3313,340,11/9/2021,6/5/2020
In Transit,Train,Pallet,National,Pending,8353,63.1,335.58,4259,394,8/14/2020,6/9/2022
Delivered,Train,Crate,International,Pending,5542,17.8,226.17,2975,438,11/2/2020,3/27/2022
Delivered,Ship,Box,International,Paid,3360,83.0,756.81,4480,44,11/24/2020,7/1/2020
Delivered,Train,Envelope,International,Overdue,5261,18.5,231.06,327,182,2/11/2020,12/20/2022
Out for Delivery,Airplane,Box,National,Paid,9851,51.5,958.42,862,272,8/4/2021,12/7/2022
In Transit,Airplane,Box,International,Overdue,5524,50.3,373.05,2518,19,1/21/2020,3/2/2021
In Transit,Ship,Crate,National,Paid,2919,36.3,405.48,1585,864,9/21/2020,9/5/2022
Out for Delivery,Ship,Box,Local,Pending,5487,18.3,264.05,2997,924,6/8/2022,10/6/2022
Delayed,Airplane,Envelope,National,Overdue,1847,21.0,309.9,2350,266,8/19/2021,9/20/2022
Out for Delivery,Airplane,Box,International,Pending,1815,98.0,683.97,2867,421,5/4/2021,11/14/2022
Delayed,Airplane,Crate,International,Pending,2161,36.8,213.26,505,426,3/11/2020,8/24/2020
Out for Delivery,Ship,Crate,International,Pending,9155,26.9,651.93,4429,821,5/21/2022,2/7/2022
Delayed,Truck,Crate,National,Paid,9696,70.6,764.92,1202,862,11/15/2022,1/25/2021
In Transit,Truck,Pallet,Local,Pending,9463,42.3,913.17,1060,876,9/26/2022,7/20/2020
In Transit,Train,Envelope,International,Overdue,1259,44.7,422.4,2967,972,10/20/2022,6/11/2022
In Transit,Truck,Crate,International,Overdue,4929,0.7,254.4,1284,44,5/25/2020,9/2/2022
Out for Delivery,Ship,Box,Local,Overdue,8745,62.7,878.56,4760,175,7/4/2021,9/4/2022
Out for Delivery,Ship,Envelope,International,Paid,1387,68.6,316.38,1257,237,7/15/2020,5/7/2020
Delayed,Train,Box,National,Overdue,5576,85.2,763.65,956,4,7/21/2022,3/30/2022
In Transit,Ship,Crate,National,Pending,3165,28.2,231.9,3206,113,7/17/2020,3/2/2020
Out for Delivery,Train,Envelope,International,Overdue,1480,85.1,875.0,4002,236,10/19/2022,5/27/2022
Out for Delivery,Airplane,Box,Local,Paid,5319,7.3,962.1,774,927,1/28/2021,1/20/2020
Delivered,Truck,Envelope,Local,Overdue,2956,89.1,989.11,747,95,5/18/2022,11/22/2020
Out for Delivery,Train,Box,International,Overdue,6542,89.4,707.27,2209,611,9/17/2022,2/25/2021
In Transit,Airplane,Box,Local,Pending,4436,97.3,453.64,4257,479,2/3/2022,10/14/2021
Delivered,Airplane,Envelope,Local,Paid,1160,80.4,678.4,1439,663,9/4/2021,4/7/2021
Delivered,Train,Pallet,International,Overdue,6729,55.2,785.05,3666,469,10/13/2021,1/6/2021
Delayed,Airplane,Crate,International,Pending,5018,76.4,40.77,4751,612,12/10/2022,8/23/2020
In Transit,Airplane,Pallet,International,Overdue,5715,69.6,975.41,4995,802,7/12/2022,1/10/2020
In Transit,Truck,Box,Local,Overdue,1980,24.4,801.02,4458,274,8/20/2020,11/16/2022
Delivered,Airplane,Envelope,International,Paid,3806,43.4,564.24,3723,829,1/7/2020,9/11/2020
Delivered,Ship,Crate,National,Paid,1167,15.9,672.79,1948,294,6/11/2020,9/20/2022
In Transit,Airplane,Crate,International,Paid,6477,15.4,77.94,1604,927,11/1/2022,11/8/2020
Delayed,Airplane,Pallet,Local,Pending,2463,14.5,331.14,2352,216,12/17/2020,12/23/2021
Out for Delivery,Ship,Box,National,Paid,7129,17.7,452.27,1950,148,4/19/2021,1/23/2021
Out for Delivery,Train,Envelope,International,Pending,6474,60.4,869.56,2723,143,9/24/2020,5/12/2022
Out for Delivery,Ship,Envelope,Local,Paid,1300,21.0,780.24,4109,452,4/15/2020,2/5/2020
Out for Delivery,Train,Envelope,National,Overdue,7168,28.8,809.3,3810,627,1/20/2020,6/11/2021
In Transit,Truck,Box,Local,Overdue,5771,39.7,609.39,2945,978,10/12/2020,1/16/2020
Delayed,Ship,Box,National,Pending,4696,3.4,555.29,1219,614,7/10/2022,11/27/2020
Delivered,Airplane,Envelope,Local,Overdue,7912,6.1,774.48,4616,899,5/19/2021,3/24/2021
In Transit,Train,Box,International,Paid,7679,99.3,685.51,4145,17,3/21/2022,9/29/2022
Delayed,Truck,Pallet,International,Pending,2165,18.9,158.8,924,804,11/10/2021,9/28/2021
Delivered,Train,Envelope,Local,Paid,6537,24.5,709.28,534,142,3/5/2021,6/17/2021
Delayed,Train,Envelope,Local,Paid,9034,8.7,7.93,4821,551,9/23/2020,12/11/2022
In Transit,Truck,Crate,National,Pending,8763,49.4,795.56,1113,694,1/21/2022,1/26/2020
Out for Delivery,Ship,Pallet,National,Paid,4747,1.2,394.18,1333,242,8/8/2022,5/15/2020
Delayed,Train,Box,National,Pending,9254,49.6,279.57,2879,747,7/25/2020,5/19/2021
Out for Delivery,Train,Crate,Local,Paid,4175,57.3,563.89,3187,851,11/26/2020,6/20/2022
Delayed,Truck,Crate,Local,Overdue,1470,29.3,984.66,1516,210,6/19/2021,9/2/2022
Delivered,Train,Pallet,Local,Pending,1592,32.4,710.87,4567,911,6/4/2021,6/27/2021
Delivered,Truck,Pallet,International,Overdue,9922,38.1,936.35,711,302,4/19/2020,4/24/2022
Out for Delivery,Truck,Crate,International,Paid,5595,70.1,239.85,4173,867,6/11/2022,12/10/2021
Out for Delivery,Train,Box,Local,Paid,4957,28.5,526.49,4115,271,2/2/2022,7/3/2022
In Transit,Truck,Pallet,National,Overdue,1973,19.9,399.33,1804,360,8/21/2021,3/22/2020
In Transit,Truck,Box,Local,Overdue,2272,22.1,875.15,1812,480,4/11/2022,5/5/2022
In Transit,Airplane,Box,National,Pending,1272,36.9,361.64,1465,729,9/21/2021,1/23/2021
In Transit,Airplane,Pallet,International,Pending,1382,16.4,295.98,3761,794,6/10/2021,3/21/2021
Out for Delivery,Ship,Box,Local,Pending,3093,37.8,234.34,2281,996,2/6/2020,4/8/2022
Delayed,Ship,Pallet,International,Paid,9745,63.5,782.78,4046,162,1/16/2022,9/27/2021
In Transit,Truck,Crate,International,Overdue,3991,78.0,32.07,3262,426,9/9/2022,10/29/2021
Delayed,Train,Crate,International,Overdue,8428,60.8,336.93,3319,895,8/14/2020,6/7/2020
Delivered,Ship,Pallet,International,Paid,1915,19.5,351.32,4579,999,2/22/2021,7/2/2021
Out for Delivery,Airplane,Crate,Local,Overdue,5618,62.4,195.74,982,538,8/8/2021,5/26/2022
Delayed,Truck,Envelope,National,Pending,9940,23.9,255.18,3204,299,8/11/2022,11/9/2021
Delayed,Train,Crate,International,Overdue,6559,49.0,557.99,4315,140,12/7/2020,1/31/2022
Out for Delivery,Truck,Pallet,International,Overdue,8982,29.2,301.8,206,920,12/15/2021,10/15/2021
Delayed,Truck,Envelope,National,Overdue,4546,74.0,223.68,2734,404,4/21/2022,1/5/2020
Delayed,Ship,Pallet,National,Overdue,8539,72.2,310.7,4538,102,3/23/2020,1/30/2022
Delayed,Airplane,Envelope,Local,Overdue,5451,3.4,820.5,3207,844,6/8/2020,4/12/2022
Delayed,Airplane,Pallet,Local,Paid,2868,86.0,964.16,411,526,7/26/2020,10/23/2020
Delayed,Train,Crate,National,Overdue,5313,85.3,931.77,2435,667,6/6/2021,4/1/2021
In Transit,Truck,Crate,International,Overdue,2390,44.5,319.39,3052,65,2/28/2020,11/21/2020
Delayed,Ship,Box,International,Paid,1290,10.6,676.06,740,445,4/8/2021,2/2/2020
Delayed,Truck,Crate,Local,Paid,8890,88.4,914.47,965,375,5/18/2021,11/10/2021
Delayed,Truck,Crate,International,Pending,1965,60.1,310.48,774,924,4/20/2020,3/10/2020
Out for Delivery,Train,Pallet,Local,Overdue,6748,21.1,206.63,2444,691,4/14/2020,9/18/2020
Delayed,Airplane,Box,International,Overdue,3950,24.2,415.12,1521,182,3/13/2020,5/5/2021
Delayed,Airplane,Pallet,Local,Pending,6184,30.2,598.29,3780,94,9/28/2022,2/13/2021
Out for Delivery,Train,Crate,National,Pending,6192,23.8,826.62,2308,467,5/12/2022,2/18/2021
Delayed,Train,Box,International,Pending,8517,57.3,897.12,2434,615,4/18/2020,12/31/2021
Delivered,Ship,Crate,International,Pending,3464,96.4,479.98,1030,967,1/20/2021,6/22/2020
Out for Delivery,Train,Pallet,Local,Overdue,2608,12.0,995.15,454,273,2/28/2022,3/27/2022
Delayed,Truck,Crate,National,Pending,2130,68.6,544.07,2432,206,8/4/2020,10/15/2020
Delayed,Airplane,Crate,National,Overdue,3808,24.3,133.82,4308,680,2/24/2021,12/8/2022
In Transit,Ship,Box,National,Paid,9028,24.7,102.5,1068,316,4/8/2020,6/12/2020
Out for Delivery,Airplane,Pallet,Local,Overdue,2706,77.1,861.96,1303,943,9/19/2022,3/26/2020
Delivered,Ship,Crate,International,Overdue,7145,55.7,295.88,500,962,6/1/2020,11/26/2020
Out for Delivery,Truck,Envelope,Local,Overdue,9667,51.9,227.83,4832,598,10/16/2020,2/14/2022
Delivered,Truck,Envelope,International,Overdue,7431,13.5,527.9,4925,36,4/30/2022,1/2/2021
In Transit,Train,Envelope,International,Paid,1383,1.5,452.41,2022,367,10/30/2020,3/28/2020
In Transit,Ship,Box,International,Pending,1659,53.1,168.9,1220,187,8/31/2020,12/11/2022
Delivered,Airplane,Pallet,National,Pending,5501,1.3,627.51,4273,704,8/26/2021,1/13/2020
Out for Delivery,Ship,Pallet,National,Pending,2512,20.6,241.22,4812,36,12/24/2021,6/10/2021
Out for Delivery,Truck,Envelope,Local,Overdue,5163,82.7,396.01,4925,31,10/12/2021,2/1/2022
In Transit,Train,Box,National,Pending,8012,28.5,898.69,1087,93,1/11/2022,7/2/2022
Delayed,Ship,Box,International,Paid,2543,33.9,211.65,4293,740,10/5/2021,5/17/2021
Out for Delivery,Truck,Pallet,International,Pending,5107,64.7,188.66,23,293,10/27/2020,7/27/2021
Out for Delivery,Ship,Crate,National,Overdue,2435,97.0,711.46,3348,228,6/25/2021,8/30/2022
In Transit,Ship,Pallet,National,Paid,2995,26.5,781.15,105,767,8/5/2022,4/25/2021
Delayed,Truck,Crate,National,Overdue,5936,71.2,956.51,1816,300,5/29/2022,3/3/2021
Delayed,Truck,Envelope,Local,Paid,6664,67.3,593.66,4404,977,1/14/2022,9/10/2021
Out for Delivery,Train,Envelope,National,Pending,2324,4.3,838.13,3029,113,11/26/2022,2/25/2020
Delivered,Truck,Box,National,Pending,6805,27.4,661.19,2212,264,6/5/2020,12/18/2022
In Transit,Airplane,Box,International,Paid,3561,12.9,398.72,3878,852,7/7/2021,8/12/2022
Delivered,Truck,Envelope,International,Pending,7760,10.3,452.04,1216,462,11/24/2022,3/12/2021
Delivered,Truck,Pallet,Local,Paid,6719,15.9,566.06,3563,842,3/21/2021,10/22/2022
Delayed,Train,Pallet,Local,Overdue,8317,95.1,598.07,3848,930,9/21/2020,12/6/2022
In Transit,Truck,Box,National,Overdue,1867,92.2,361.82,36,122,11/29/2020,7/13/2021
Delayed,Truck,Box,International,Pending,3060,87.1,145.12,4564,265,5/12/2022,4/9/2021
In Transit,Ship,Pallet,Local,Pending,5481,27.3,478.6,2702,76,12/18/2020,10/1/2021
Out for Delivery,Airplane,Pallet,International,Paid,4087,34.9,511.65,651,742,11/22/2021,8/21/2021
In Transit,Train,Box,National,Paid,4009,38.1,224.49,420,832,6/30/2020,2/10/2022
Delayed,Airplane,Box,International,Pending,9018,29.2,764.21,3984,734,12/11/2022,6/22/2021
Out for Delivery,Truck,Box,International,Overdue,5507,91.9,50.24,2821,264,8/15/2020,1/31/2021
In Transit,Ship,Envelope,National,Pending,6220,77.7,668.82,3796,81,3/12/2022,12/13/2020
Out for Delivery,Ship,Crate,International,Paid,1278,0.8,470.88,642,233,2/18/2021,7/30/2022
In Transit,Truck,Box,Local,Pending,3090,23.1,413.98,3263,714,9/9/2021,9/5/2020
Out for Delivery,Airplane,Crate,National,Pending,2299,34.7,450.98,1690,287,9/9/2022,9/20/2020
Out for Delivery,Truck,Crate,Local,Pending,1043,10.5,255.48,419,454,11/17/2022,4/13/2022
Out for Delivery,Truck,Box,Local,Paid,7066,10.0,445.55,2950,505,9/12/2022,3/24/2021
Out for Delivery,Train,Pallet,National,Overdue,6777,96.7,192.3,383,634,12/20/2020,10/12/2022
Delivered,Airplane,Envelope,National,Paid,8477,25.3,201.69,2796,266,12/18/2020,9/3/2020
Delayed,Airplane,Box,National,Paid,3830,44.9,864.42,4676,970,10/5/2021,5/22/2020
In Transit,Airplane,Box,Local,Paid,5469,51.6,269.17,779,458,3/7/2021,3/31/2020
Delayed,Truck,Pallet,International,Paid,2296,27.8,4.48,4530,125,3/15/2021,5/9/2022
In Transit,Truck,Envelope,National,Overdue,3634,45.6,52.71,1271,430,7/13/2022,10/7/2022
Out for Delivery,Truck,Crate,International,Overdue,5257,10.3,91.27,467,54,5/18/2022,4/5/2022
Delivered,Truck,Box,International,Paid,9342,30.6,841.24,4741,569,4/28/2022,12/4/2020
Delivered,Train,Envelope,Local,Overdue,3538,27.1,467.58,2926,792,10/21/2022,3/24/2021
Delayed,Airplane,Envelope,Local,Paid,5374,84.6,210.52,4213,427,2/14/2022,7/9/2020
Delayed,Truck,Envelope,International,Overdue,6377,71.8,418.85,1784,442,7/24/2021,10/22/2022
In Transit,Truck,Pallet,National,Pending,2167,44.7,450.93,2080,296,3/2/2022,8/4/2021
Out for Delivery,Airplane,Envelope,Local,Paid,8839,35.3,105.44,2579,60,8/16/2021,2/21/2020
In Transit,Truck,Box,National,Paid,2628,40.0,198.1,4555,374,1/23/2022,9/24/2020
Delivered,Truck,Crate,International,Paid,1841,48.7,410.63,1821,831,3/10/2021,4/23/2022
Out for Delivery,Truck,Box,National,Paid,3887,63.3,353.47,3468,348,1/14/2020,5/30/2020
In Transit,Airplane,Box,International,Pending,5177,25.0,874.8,721,664,4/29/2021,9/1/2022
Delivered,Airplane,Crate,Local,Overdue,4173,93.7,66.68,4006,997,4/5/2022,6/8/2020
Delayed,Airplane,Crate,International,Overdue,3714,84.8,187.38,4145,295,4/9/2022,1/5/2022
Delivered,Ship,Crate,National,Pending,7406,77.4,944.42,4202,778,11/16/2022,7/7/2020
In Transit,Truck,Pallet,National,Paid,4633,67.2,706.74,902,453,3/26/2020,6/8/2022
Delivered,Airplane,Crate,International,Paid,9301,81.8,436.02,47,875,2/27/2021,3/10/2021
Out for Delivery,Ship,Crate,International,Pending,2082,27.8,224.25,2733,88,9/17/2020,7/15/2021
Delivered,Train,Envelope,International,Pending,3795,86.7,35.14,727,912,10/30/2021,12/2/2020
In Transit,Airplane,Envelope,Local,Paid,3944,87.3,69.71,3318,153,9/29/2020,1/8/2020
Out for Delivery,Airplane,Box,National,Overdue,2561,94.8,118.47,2053,911,12/23/2022,7/24/2020
Delivered,Train,Envelope,International,Pending,9309,69.6,700.04,1475,582,12/14/2020,10/27/2020
Delivered,Train,Envelope,International,Pending,5814,68.5,924.56,4398,283,3/29/2022,9/12/2020
Out for Delivery,Ship,Box,Local,Overdue,5219,12.3,949.42,1849,178,2/4/2020,9/25/2022
In Transit,Truck,Envelope,International,Paid,4581,67.3,410.12,1994,119,9/4/2021,1/18/2022
In Transit,Ship,Pallet,International,Overdue,7262,96.8,333.43,3881,607,5/26/2022,10/24/2022
Delivered,Truck,Pallet,International,Pending,1189,40.8,774.1,1497,340,6/15/2020,3/20/2022
Delivered,Train,Crate,National,Paid,5849,81.4,786.91,1180,288,8/24/2021,9/26/2022
Delivered,Train,Crate,National,Paid,4714,40.7,816.04,1788,949,8/18/2022,9/1/2022
Delayed,Train,Pallet,Local,Paid,9600,60.6,698.78,4526,836,12/21/2021,1/8/2020
In Transit,Truck,Crate,Local,Overdue,6306,56.6,639.9,2381,499,4/12/2022,10/5/2021
Out for Delivery,Truck,Crate,Local,Pending,7682,98.9,70.49,3149,515,6/10/2022,3/21/2021
Delivered,Truck,Pallet,International,Paid,1410,44.5,441.52,715,918,10/31/2020,7/20/2022
Out for Delivery,Train,Envelope,National,Overdue,1886,13.0,176.0,2008,862,7/17/2022,3/13/2022
In Transit,Airplane,Envelope,National,Pending,4597,97.5,411.05,2152,41,1/25/2020,7/6/2021
Delivered,Truck,Pallet,Local,Paid,6502,97.5,61.78,3895,855,3/8/2020,12/11/2021
Delayed,Train,Pallet,Local,Paid,1434,85.3,648.14,4541,385,2/17/2022,12/13/2020
Out for Delivery,Truck,Pallet,Local,Overdue,7324,89.0,211.37,804,546,2/24/2021,7/5/2022
In Transit,Truck,Envelope,Local,Paid,7289,66.8,842.91,2980,558,10/18/2020,7/19/2021
Delayed,Airplane,Pallet,National,Paid,3150,56.2,545.61,678,75,5/20/2022,3/6/2021
Delivered,Train,Envelope,Local,Paid,1550,72.2,74.72,4977,482,2/19/2020,12/21/2021
Delivered,Ship,Box,National,Pending,9101,66.4,593.17,3060,980,10/13/2022,11/18/2022
Out for Delivery,Airplane,Box,International,Pending,4934,65.6,537.29,723,352,3/14/2020,10/20/2022
Delivered,Train,Envelope,National,Paid,1364,25.5,203.78,1037,737,9/29/2022,1/12/2022
In Transit,Train,Pallet,National,Paid,5744,86.6,681.13,2624,103,10/10/2020,9/15/2022
Delayed,Airplane,Crate,Local,Overdue,4023,6.1,999.64,2989,690,7/17/2021,12/27/2022
Out for Delivery,Airplane,Crate,International,Paid,6873,34.7,984.97,769,625,4/6/2022,6/15/2020
Delayed,Truck,Crate,Local,Overdue,7751,24.3,802.89,2938,82,4/9/2020,2/24/2020
In Transit,Ship,Crate,Local,Pending,2299,29.5,301.84,3498,47,9/26/2020,7/18/2021
Delivered,Truck,Box,National,Pending,9250,18.1,758.07,2857,312,4/23/2022,4/7/2021
In Transit,Airplane,Box,National,Overdue,7459,29.1,91.92,2357,771,11/15/2022,1/26/2021
In Transit,Truck,Pallet,International,Overdue,9896,71.5,544.34,2089,795,9/26/2021,3/27/2022
In Transit,Truck,Envelope,International,Pending,5650,21.1,690.01,3967,578,8/26/2021,1/26/2021
Delayed,Ship,Crate,National,Overdue,9011,42.6,940.12,2532,284,2/27/2021,11/29/2022
Delayed,Truck,Box,International,Overdue,6269,70.1,961.61,3836,733,8/19/2022,11/1/2021
Out for Delivery,Ship,Crate,International,Overdue,1083,79.4,152.22,1615,448,1/12/2022,5/12/2021
Delivered,Train,Envelope,National,Overdue,2825,43.2,901.8,2249,663,6/18/2022,3/16/2021
Delayed,Truck,Pallet,Local,Overdue,3690,54.1,911.5,1794,501,9/13/2022,3/4/2022
Out for Delivery,Train,Envelope,National,Pending,9942,67.0,200.38,2647,607,10/24/2020,7/7/2021
Out for Delivery,Airplane,Box,Local,Overdue,9321,16.8,289.82,808,393,12/9/2020,4/29/2021
Out for Delivery,Truck,Crate,Local,Overdue,7713,22.2,982.14,208,999,3/23/2020,1/2/2020
Delivered,Airplane,Pallet,National,Paid,1671,52.6,450.8,2271,581,11/27/2020,3/7/2020
In Transit,Truck,Pallet,International,Paid,8602,62.9,654.97,2712,139,3/14/2021,12/30/2020
Delivered,Train,Pallet,International,Overdue,6284,99.3,817.02,252,334,3/14/2021,1/29/2022
Delayed,Airplane,Envelope,Local,Paid,8026,20.5,670.88,163,764,6/6/2021,9/11/2021
Out for Delivery,Train,Envelope,Local,Overdue,1100,18.1,819.51,774,897,6/22/2021,11/21/2020
In Transit,Ship,Pallet,International,Paid,9793,16.0,78.0,409,827,9/15/2022,8/6/2021
Delivered,Truck,Crate,International,Paid,2654,93.7,187.15,291,195,9/10/2021,10/5/2021
In Transit,Airplane,Box,National,Paid,8603,72.9,231.53,70,900,7/30/2022,6/1/2022
In Transit,Airplane,Pallet,National,Paid,2918,10.4,335.96,1645,950,9/13/2022,7/11/2021
In Transit,Airplane,Crate,National,Overdue,1149,12.0,577.36,991,728,1/18/2020,2/10/2022
Delivered,Truck,Envelope,National,Paid,1700,30.0,554.38,195,259,5/9/2022,4/11/2020
Out for Delivery,Truck,Pallet,Local,Overdue,3894,83.1,232.29,642,156,8/31/2020,4/11/2021
Out for Delivery,Ship,Crate,Local,Paid,7485,66.3,754.48,4471,996,5/11/2021,8/19/2021
In Transit,Train,Pallet,Local,Paid,2738,86.7,93.91,3990,23,8/15/2021,11/22/2020
Delayed,Airplane,Box,International,Pending,5047,42.1,495.97,4002,10,1/30/2021,11/22/2021
Delivered,Train,Envelope,International,Overdue,7725,13.3,556.51,3161,134,4/19/2022,3/11/2020
Out for Delivery,Train,Crate,International,Overdue,6282,41.6,460.95,2903,37,6/28/2020,8/27/2022
Delivered,Truck,Box,Local,Paid,6356,64.1,658.73,1310,750,3/1/2022,4/21/2022
Delivered,Airplane,Pallet,National,Paid,1481,37.0,274.01,2089,996,7/24/2022,5/15/2022
Delayed,Truck,Crate,International,Overdue,6529,18.0,463.38,1399,263,4/28/2022,9/23/2022
In Transit,Ship,Crate,International,Paid,9224,83.1,497.59,3494,333,5/16/2022,11/10/2022
Out for Delivery,Airplane,Crate,National,Pending,2050,33.8,974.51,1815,954,2/23/2020,2/27/2021
Delayed,Ship,Pallet,International,Overdue,9689,43.9,997.51,4364,487,1/13/2021,11/23/2020
Delivered,Train,Pallet,International,Pending,4968,4.6,362.89,1586,546,7/1/2020,2/23/2020
Delivered,Ship,Crate,Local,Overdue,7419,95.1,898.54,3475,518,3/13/2022,10/11/2021
Out for Delivery,Ship,Envelope,National,Paid,8013,37.6,181.05,808,890,6/27/2022,11/18/2021
In Transit,Ship,Pallet,International,Overdue,6892,7.4,280.08,1432,889,1/20/2021,10/4/2020
In Transit,Train,Box,Local,Pending,7910,78.8,417.36,4319,244,5/8/2021,8/4/2020
Delivered,Airplane,Envelope,International,Paid,7617,8.5,639.84,2276,164,1/15/2021,12/10/2020
Delayed,Train,Envelope,National,Pending,4006,89.6,257.2,59,1000,5/12/2022,3/8/2021
Out for Delivery,Airplane,Pallet,National,Paid,8953,70.9,15.65,3556,989,1/31/2021,3/12/2021
Delivered,Truck,Crate,International,Pending,1577,98.5,378.12,3891,366,8/22/2020,6/14/2022
Delivered,Ship,Pallet,International,Pending,2968,41.5,331.39,273,367,8/14/2022,2/21/2021
Delayed,Ship,Pallet,National,Paid,4862,27.2,620.64,4075,883,8/10/2020,10/3/2020
Delivered,Train,Crate,Local,Overdue,8279,10.2,258.09,730,911,3/7/2020,7/11/2022
In Transit,Ship,Crate,International,Paid,6630,70.8,545.46,3631,996,10/14/2020,3/13/2022
Delivered,Ship,Pallet,National,Overdue,4770,4.8,539.21,1363,169,7/28/2022,1/5/2022
Delayed,Airplane,Box,National,Overdue,3655,76.1,878.86,3817,963,12/25/2022,4/18/2021
Out for Delivery,Train,Box,International,Paid,5427,22.7,770.79,2598,837,8/9/2021,11/18/2021
Delivered,Airplane,Crate,International,Paid,8015,75.8,812.61,4164,744,1/22/2021,1/31/2020
In Transit,Airplane,Box,International,Pending,6222,10.8,29.98,3922,382,9/5/2020,5/1/2020
Delayed,Train,Pallet,National,Overdue,9204,65.1,684.02,1807,269,5/11/2021,3/2/2020
In Transit,Airplane,Envelope,Local,Pending,9168,88.2,999.84,2230,435,12/7/2021,6/11/2021
Delivered,Truck,Crate,International,Paid,9342,66.9,622.61,2222,350,3/17/2020,8/10/2022
In Transit,Train,Envelope,International,Pending,2847,19.6,812.19,3229,368,12/21/2021,11/2/2021
In Transit,Truck,Box,International,Overdue,9573,50.3,648.42,2081,369,7/21/2021,1/19/2022
Delivered,Truck,Crate,National,Pending,4826,45.8,722.31,2367,969,4/23/2022,2/13/2021
Delayed,Airplane,Envelope,National,Pending,3105,22.7,0.84,2730,557,9/7/2022,12/5/2022
Out for Delivery,Airplane,Envelope,International,Overdue,2529,46.3,982.95,4097,159,5/12/2021,6/12/2022
Out for Delivery,Ship,Pallet,International,Overdue,7021,74.3,5.72,4136,858,11/11/2021,2/27/2020
In Transit,Ship,Envelope,Local,Overdue,2294,85.9,60.12,2577,956,9/4/2022,11/15/2022
In Transit,Truck,Envelope,National,Pending,5958,29.5,975.91,2536,706,11/11/2021,1/15/2020
Delivered,Airplane,Envelope,National,Pending,8485,57.1,102.31,3371,978,3/11/2020,3/10/2020
In Transit,Ship,Pallet,International,Pending,2773,89.4,867.35,1958,600,1/12/2021,6/12/2022
Out for Delivery,Truck,Box,Local,Paid,6101,70.4,268.73,2933,283,5/3/2021,1/25/2020
Delivered,Truck,Pallet,National,Pending,4833,48.3,692.91,2174,673,4/25/2021,5/13/2022
Delivered,Airplane,Pallet,National,Overdue,1673,0.6,335.44,4844,785,10/27/2021,2/15/2021
Delayed,Ship,Crate,International,Pending,3098,60.3,172.36,3019,131,12/10/2021,7/1/2020
Delayed,Train,Crate,International,Pending,5346,0.1,633.12,4959,689,7/10/2020,1/22/2020
In Transit,Airplane,Pallet,Local,Overdue,8712,43.7,596.0,3028,261,12/4/2022,2/17/2020
Delayed,Ship,Crate,National,Overdue,4681,24.9,125.68,3680,340,7/29/2021,7/16/2020
Out for Delivery,Train,Envelope,Local,Paid,5245,61.2,441.1,4341,963,7/17/2022,2/25/2020
In Transit,Truck,Crate,National,Paid,7231,73.9,25.07,4250,11,8/17/2022,12/16/2022
Delivered,Train,Pallet,National,Paid,6104,85.7,511.16,1577,254,1/27/2021,1/14/2022
Out for Delivery,Train,Pallet,Local,Overdue,5098,62.8,777.12,3857,78,1/19/2020,9/30/2021
Delayed,Train,Box,Local,Overdue,1359,12.2,952.97,2598,913,3/4/2022,4/15/2022
Delayed,Airplane,Envelope,International,Paid,4092,9.2,133.39,4428,395,4/28/2021,8/22/2021
In Transit,Airplane,Envelope,National,Paid,4025,43.2,397.95,3777,807,4/23/2021,11/30/2021
Delivered,Ship,Pallet,International,Overdue,8759,46.2,547.31,1206,502,9/23/2021,5/12/2021
Out for Delivery,Airplane,Pallet,National,Paid,9435,55.2,30.57,2096,471,4/30/2020,12/1/2021
Delivered,Airplane,Envelope,Local,Pending,7389,65.7,376.51,1414,66,8/21/2022,3/13/2022
In Transit,Ship,Envelope,Local,Overdue,2818,94.9,516.28,378,327,7/24/2021,11/23/2020
In Transit,Truck,Crate,International,Overdue,1421,2.6,821.42,1549,298,10/3/2021,7/16/2021
Out for Delivery,Ship,Crate,National,Overdue,9334,69.6,596.73,3228,506,9/11/2022,3/13/2021
Delayed,Train,Pallet,National,Paid,5398,91.0,156.76,3664,150,5/9/2021,2/23/2021
Delivered,Train,Box,Local,Overdue,9696,35.3,316.13,681,314,1/13/2022,9/28/2021
Delayed,Truck,Crate,National,Pending,5241,69.7,602.62,157,931,6/6/2021,11/19/2020
In Transit,Truck,Crate,International,Overdue,9778,34.2,694.39,118,735,4/8/2022,8/29/2021
Delivered,Train,Box,National,Paid,5268,48.6,249.03,1162,188,5/24/2022,9/18/2021
Delayed,Truck,Box,National,Pending,1895,95.1,825.52,3721,795,2/22/2020,3/11/2021
Delivered,Truck,Pallet,National,Pending,3234,66.2,997.52,4661,339,6/15/2020,5/2/2022
Delayed,Ship,Pallet,Local,Pending,5393,1.0,636.47,3530,969,1/9/2021,8/17/2022
Out for Delivery,Airplane,Pallet,National,Pending,7470,35.4,954.05,3823,209,2/15/2020,4/19/2021
Out for Delivery,Ship,Pallet,Local,Overdue,5342,78.6,674.16,2805,513,10/1/2021,5/25/2020
Delivered,Truck,Pallet,Local,Paid,4397,38.0,3.43,4260,233,2/21/2022,4/21/2020
Out for Delivery,Ship,Pallet,National,Overdue,6007,49.2,788.11,3626,181,10/31/2020,4/14/2022
Delayed,Ship,Crate,National,Paid,3144,2.7,727.73,4265,144,5/20/2022,6/30/2020
Delivered,Airplane,Box,International,Paid,4247,16.8,14.61,4932,1000,7/26/2021,2/1/2022
Delayed,Ship,Pallet,International,Pending,5548,40.9,920.06,1813,42,10/1/2021,3/20/2022
Delivered,Train,Pallet,Local,Pending,6035,91.8,168.11,4973,4,4/30/2021,8/5/2020
Delivered,Train,Crate,International,Overdue,5202,35.0,886.61,3847,470,7/14/2020,2/10/2020
Delivered,Truck,Crate,Local,Pending,4523,96.2,470.38,2970,533,3/4/2021,1/27/2022
Out for Delivery,Ship,Pallet,National,Pending,4546,37.8,173.86,3780,847,11/11/2021,10/26/2021
Out for Delivery,Airplane,Box,International,Overdue,7602,26.0,381.17,19,408,12/14/2020,12/4/2021
In Transit,Ship,Crate,National,Overdue,8904,72.9,616.3,4080,924,2/26/2021,6/18/2021
Out for Delivery,Airplane,Pallet,National,Overdue,3890,27.0,314.9,4803,511,1/14/2021,7/24/2020
In Transit,Truck,Pallet,Local,Paid,5188,73.1,78.85,1351,727,11/8/2020,11/30/2022
In Transit,Ship,Envelope,International,Paid,6581,3.1,739.27,4487,731,3/18/2022,8/10/2020
Delivered,Airplane,Box,Local,Pending,5509,45.4,127.52,2897,310,5/28/2022,12/18/2020
Delayed,Ship,Box,Local,Overdue,3734,62.9,533.22,4297,923,7/24/2021,2/29/2020
Delivered,Truck,Pallet,National,Overdue,3215,84.1,243.63,1927,195,12/9/2022,11/30/2020
Delayed,Truck,Envelope,National,Pending,6661,94.9,169.53,4414,377,7/5/2020,12/2/2021
Delivered,Airplane,Envelope,Local,Paid,9360,20.4,708.07,1020,987,6/4/2022,2/9/2020
In Transit,Train,Box,International,Paid,5335,26.2,168.85,2888,487,4/17/2022,4/19/2020
Out for Delivery,Truck,Box,Local,Paid,8555,24.2,734.38,2181,768,1/31/2021,2/3/2020
Delayed,Ship,Envelope,National,Pending,6942,74.4,345.0,1838,172,4/8/2021,4/10/2020
Out for Delivery,Train,Envelope,Local,Pending,7207,57.2,65.24,3826,630,11/7/2021,5/3/2021
In Transit,Airplane,Crate,Local,Overdue,6569,82.4,173.15,4767,630,12/17/2022,3/22/2021
Delayed,Train,Pallet,National,Pending,8465,50.4,198.31,2310,244,6/18/2021,5/1/2021
In Transit,Ship,Crate,National,Overdue,8378,34.4,994.73,1247,830,11/14/2020,9/5/2021
Delivered,Truck,Crate,Local,Paid,5570,35.1,52.72,3461,437,4/12/2022,7/18/2022
Delivered,Airplane,Pallet,International,Paid,3005,6.2,376.37,4569,829,2/14/2020,12/2/2021
In Transit,Truck,Crate,International,Pending,8340,96.5,580.75,1374,806,7/28/2022,12/7/2020
Out for Delivery,Truck,Pallet,Local,Pending,3086,26.2,379.77,2044,906,2/23/2022,1/13/2021
Delivered,Truck,Crate,Local,Paid,8466,72.0,218.38,3918,914,1/30/2021,11/13/2020
Out for Delivery,Train,Envelope,Local,Paid,7772,10.2,743.24,2501,13,3/2/2021,11/9/2021
Out for Delivery,Ship,Box,Local,Paid,6384,62.8,45.5,1452,505,1/3/2021,9/26/2021
Out for Delivery,Airplane,Crate,Local,Overdue,4021,54.9,913.61,2962,742,8/15/2022,11/3/2020
Delivered,Train,Envelope,Local,Paid,6643,38.7,740.44,424,711,12/20/2022,10/12/2021
Delayed,Train,Crate,National,Pending,5497,59.6,628.61,4346,841,3/25/2020,3/1/2021
Out for Delivery,Train,Envelope,Local,Paid,2576,39.2,838.74,2461,980,7/12/2020,2/12/2022
Out for Delivery,Truck,Pallet,Local,Paid,6478,97.0,721.14,3639,738,8/22/2021,10/27/2021
Out for Delivery,Airplane,Pallet,National,Pending,7630,69.5,587.51,3411,710,12/25/2021,3/3/2020
Delivered,Ship,Pallet,International,Paid,5362,5.9,437.69,1875,129,4/19/2022,7/13/2021
Delayed,Train,Pallet,National,Paid,9199,22.5,727.07,3379,260,3/20/2021,8/15/2022
Delayed,Train,Pallet,International,Paid,9311,95.9,881.78,3559,560,4/14/2022,9/27/2022
Delayed,Ship,Pallet,Local,Paid,9977,60.2,717.82,2830,754,10/31/2022,6/12/2020
In Transit,Ship,Crate,International,Pending,1395,22.2,695.2,2978,776,2/21/2020,12/13/2022
Out for Delivery,Train,Pallet,International,Paid,3353,70.8,649.55,4713,785,7/23/2020,4/12/2021
Delayed,Truck,Crate,National,Pending,2243,92.0,504.31,3869,954,2/11/2021,4/24/2020
Out for Delivery,Truck,Pallet,Local,Overdue,2935,78.7,940.31,1086,864,7/5/2020,10/22/2022
In Transit,Ship,Pallet,National,Paid,1575,40.0,58.45,1444,321,3/15/2020,5/28/2021
In Transit,Truck,Pallet,Local,Overdue,4993,87.9,997.71,4641,447,8/1/2021,6/14/2020
Delivered,Airplane,Crate,International,Overdue,7245,66.0,615.54,2459,526,8/2/2022,2/28/2020
In Transit,Truck,Envelope,National,Pending,5046,5.7,314.31,742,440,1/26/2022,8/6/2020
Delivered,Airplane,Envelope,Local,Paid,8873,34.2,641.68,4626,11,4/5/2022,11/16/2022
In Transit,Truck,Pallet,Local,Pending,8524,32.1,12.98,833,316,11/5/2022,1/18/2020
Delayed,Ship,Box,National,Paid,3020,99.7,67.46,3262,580,8/2/2022,3/11/2022
In Transit,Airplane,Crate,International,Paid,3074,41.0,891.97,1554,655,7/22/2020,5/17/2022
Delayed,Truck,Crate,National,Overdue,1382,18.4,516.53,4459,155,1/13/2020,3/10/2020
Delivered,Airplane,Crate,International,Pending,8254,70.9,793.15,2505,946,10/14/2022,2/22/2020
Out for Delivery,Ship,Pallet,Local,Overdue,4946,33.2,387.02,714,668,10/19/2021,3/22/2020
In Transit,Airplane,Envelope,National,Paid,7186,71.8,241.55,1473,991,2/24/2020,5/10/2020
Delayed,Truck,Envelope,Local,Overdue,1746,16.6,340.66,1561,377,9/7/2020,1/13/2022
Delivered,Ship,Box,National,Paid,9701,13.8,83.03,4882,949,10/6/2021,10/17/2021
Out for Delivery,Ship,Crate,National,Overdue,8183,17.6,839.77,4858,305,12/1/2021,4/9/2022
In Transit,Truck,Crate,International,Pending,4648,96.6,946.57,3007,236,8/6/2021,5/7/2022
Delayed,Ship,Pallet,International,Pending,9387,10.4,868.8,4521,969,10/25/2020,5/13/2020
Out for Delivery,Train,Envelope,Local,Overdue,7299,53.4,722.79,1469,3,3/9/2020,12/23/2020
Delayed,Truck,Envelope,National,Pending,6265,65.9,526.76,4326,233,1/5/2022,11/15/2021
Out for Delivery,Ship,Box,International,Overdue,3385,83.1,10.4,1838,401,4/3/2020,12/3/2021
Out for Delivery,Train,Crate,International,Overdue,6359,9.7,291.69,1728,730,5/31/2022,7/1/2021
In Transit,Airplane,Box,Local,Paid,8441,76.5,25.25,3318,53,7/3/2021,9/8/2021
Delivered,Airplane,Crate,National,Pending,5278,73.7,793.8,3485,173,2/23/2021,4/23/2021
Delayed,Truck,Crate,International,Pending,7728,16.1,778.67,227,616,3/9/2021,3/25/2021
Out for Delivery,Train,Box,National,Pending,1953,82.0,250.68,3755,602,5/31/2020,6/17/2020
Delivered,Train,Pallet,National,Overdue,8954,48.1,908.04,4952,920,12/26/2022,7/8/2021
Delayed,Train,Envelope,National,Pending,5550,45.4,657.67,4983,935,2/12/2022,8/26/2021
Delivered,Airplane,Crate,International,Overdue,8459,25.3,425.63,1406,746,6/26/2021,1/4/2022
Delayed,Train,Box,International,Overdue,1712,50.8,566.26,2397,621,9/29/2020,7/4/2022
Delayed,Truck,Pallet,Local,Pending,3580,77.1,829.79,1714,478,10/19/2022,6/23/2021
Delivered,Truck,Pallet,National,Overdue,7237,42.7,762.05,4954,881,4/16/2020,2/20/2022
Delayed,Train,Box,Local,Overdue,5788,8.7,460.96,1295,854,8/28/2020,6/26/2022
Delayed,Truck,Box,Local,Overdue,5278,50.7,556.31,4531,934,1/26/2022,12/1/2021
Delivered,Ship,Pallet,National,Paid,2408,50.2,791.19,2373,683,3/27/2022,7/13/2022
Delayed,Train,Envelope,Local,Pending,6162,27.1,746.85,2270,285,9/12/2020,8/21/2020
Out for Delivery,Airplane,Crate,Local,Paid,2997,3.1,259.85,13,834,8/31/2021,11/2/2021
In Transit,Ship,Crate,International,Paid,1955,71.0,924.77,1107,608,12/3/2021,3/14/2022
In Transit,Ship,Crate,Local,Paid,1550,45.3,385.13,1088,297,10/7/2021,11/23/2022
Out for Delivery,Ship,Pallet,National,Paid,7884,39.8,320.14,1540,393,7/4/2020,3/30/2022
Out for Delivery,Truck,Box,National,Paid,3205,19.5,498.74,291,676,3/31/2021,9/2/2020
In Transit,Truck,Envelope,National,Pending,3785,40.8,13.8,4226,526,6/26/2022,3/7/2022
In Transit,Airplane,Crate,Local,Paid,9256,99.8,838.06,4511,515,8/21/2021,11/29/2020
Delivered,Truck,Crate,National,Paid,1491,20.7,637.8,2073,308,1/17/2021,6/14/2022
Out for Delivery,Truck,Envelope,Local,Pending,4915,32.9,991.15,3543,204,6/8/2021,2/18/2021
Out for Delivery,Truck,Envelope,International,Overdue,6262,74.1,395.93,1039,231,8/19/2022,7/29/2021
Delivered,Truck,Envelope,International,Overdue,8981,0.9,547.5,593,462,11/9/2022,12/2/2022
Delivered,Truck,Envelope,National,Overdue,6836,36.0,552.9,4187,983,10/2/2022,12/17/2022
Delivered,Truck,Envelope,International,Paid,4470,26.0,429.42,3986,632,4/27/2022,5/8/2020
In Transit,Airplane,Crate,National,Overdue,6090,77.2,358.01,4539,632,9/22/2021,8/21/2022
Delayed,Ship,Envelope,International,Overdue,4096,90.2,532.47,3135,664,11/25/2021,6/13/2022
Delayed,Airplane,Box,International,Paid,7148,84.1,956.19,192,997,8/14/2020,3/20/2022
Out for Delivery,Train,Crate,National,Paid,1402,70.5,371.53,2000,180,5/19/2022,5/1/2022
Delivered,Airplane,Crate,International,Paid,7480,29.8,373.9,1727,4,2/8/2022,1/28/2021
Delivered,Ship,Pallet,Local,Overdue,8534,29.8,882.86,2357,407,6/8/2022,4/22/2020
Out for Delivery,Truck,Crate,Local,Overdue,3977,81.0,974.42,846,771,7/26/2022,1/23/2020
Delayed,Train,Envelope,Local,Paid,6100,83.3,955.4,20,103,5/7/2020,10/24/2021
Delayed,Train,Pallet,Local,Overdue,9830,9.3,816.99,3434,980,7/9/2020,10/26/2021
Out for Delivery,Airplane,Envelope,National,Paid,9996,19.1,935.9,2411,392,12/24/2020,4/7/2021
Delivered,Ship,Envelope,International,Overdue,5648,16.7,591.77,98,305,12/12/2022,12/27/2020
In Transit,Train,Crate,National,Paid,1866,83.6,827.21,2440,392,7/16/2020,12/18/2021
Delivered,Truck,Envelope,National,Pending,5045,91.5,113.43,4158,167,5/6/2020,5/24/2022
Delivered,Train,Crate,Local,Overdue,4567,17.9,156.7,2158,903,1/16/2020,10/24/2020
Out for Delivery,Airplane,Pallet,National,Overdue,5692,87.3,895.52,2289,253,8/26/2022,8/5/2021
Out for Delivery,Truck,Pallet,Local,Pending,6008,75.4,789.53,3017,8,3/11/2020,2/21/2021
In Transit,Truck,Crate,Local,Pending,8654,16.6,684.32,3834,741,2/26/2020,9/26/2020
Delayed,Airplane,Box,Local,Overdue,1793,8.1,109.93,880,193,12/7/2020,8/29/2022
Out for Delivery,Ship,Envelope,International,Overdue,9496,52.3,263.47,115,903,9/27/2020,11/13/2022
Delivered,Truck,Crate,Local,Overdue,8343,74.1,517.9,317,486,6/3/2022,4/21/2022
Delayed,Airplane,Crate,International,Paid,5891,79.4,672.57,4671,236,3/7/2021,11/17/2022
Delivered,Truck,Crate,International,Pending,2697,38.2,118.06,1997,43,6/24/2021,11/12/2022
In Transit,Ship,Crate,National,Paid,1391,70.8,599.36,3561,773,5/22/2022,12/6/2020
Delayed,Ship,Pallet,Local,Paid,7104,83.1,344.97,1180,212,10/15/2022,2/18/2022
Delayed,Ship,Envelope,International,Paid,1698,95.5,587.92,3448,427,12/26/2022,9/6/2021
In Transit,Airplane,Envelope,International,Paid,2114,73.5,545.83,1987,680,12/3/2021,8/8/2020
In Transit,Train,Pallet,International,Paid,1364,19.6,579.32,1144,243,12/8/2021,11/24/2021
Delivered,Ship,Pallet,Local,Paid,4255,23.6,911.24,3253,137,11/25/2020,5/10/2022
Out for Delivery,Airplane,Box,International,Pending,4316,43.8,743.67,2990,740,8/19/2020,9/19/2020
Out for Delivery,Train,Crate,Local,Overdue,1919,56.7,246.98,3917,431,4/28/2022,1/7/2020
Delivered,Truck,Envelope,National,Overdue,4397,25.9,972.84,2225,930,6/25/2022,10/22/2020
Out for Delivery,Train,Envelope,International,Overdue,5751,13.2,840.87,1542,140,8/30/2020,10/11/2022
In Transit,Ship,Box,National,Pending,1274,0.5,524.41,1444,217,5/15/2022,5/3/2021
Delivered,Truck,Box,Local,Overdue,4770,9.4,34.54,2265,992,10/10/2021,3/18/2022
In Transit,Train,Crate,International,Paid,8306,48.1,37.61,2638,914,10/15/2021,1/31/2020
In Transit,Truck,Pallet,International,Paid,2796,91.4,678.4,4739,436,4/19/2021,1/25/2021
Out for Delivery,Ship,Pallet,Local,Overdue,1490,19.8,201.66,3590,752,6/15/2022,11/27/2020
In Transit,Airplane,Envelope,National,Pending,9277,98.4,109.61,3534,796,12/13/2020,12/21/2022
Delivered,Truck,Envelope,International,Overdue,9937,33.4,334.43,3643,556,7/18/2020,8/16/2021
Delayed,Train,Pallet,National,Pending,6489,51.8,485.77,2925,926,4/20/2020,7/25/2020
Delayed,Airplane,Envelope,International,Pending,9627,6.1,957.2,2070,796,1/26/2022,4/16/2021
Delivered,Train,Envelope,International,Paid,3200,8.9,972.08,3355,600,1/14/2022,1/3/2020
Delayed,Airplane,Crate,International,Pending,9518,87.0,828.5,2926,60,6/22/2021,11/21/2022
Delayed,Ship,Box,National,Pending,3593,38.5,656.69,623,472,11/26/2022,1/5/2022
In Transit,Truck,Crate,National,Pending,7055,25.9,257.43,4361,74,1/20/2022,1/19/2022
Delayed,Airplane,Crate,National,Overdue,6057,65.8,167.19,3357,781,11/9/2020,9/17/2022
Delayed,Truck,Crate,Local,Paid,1818,86.0,106.07,2868,490,10/13/2021,11/1/2022
Out for Delivery,Truck,Crate,Local,Paid,4874,57.8,563.92,1897,217,10/8/2021,9/7/2022
Delivered,Ship,Box,Local,Pending,9426,61.6,893.62,4509,236,11/14/2020,8/10/2020
Delivered,Ship,Envelope,Local,Overdue,7799,31.3,977.79,4865,361,4/28/2021,11/2/2021
Out for Delivery,Ship,Pallet,International,Overdue,6296,91.8,837.06,850,931,5/27/2021,7/20/2022
Delivered,Train,Pallet,International,Pending,2299,67.8,390.35,2546,670,10/24/2020,8/2/2020
Delivered,Truck,Envelope,Local,Overdue,8946,56.8,841.94,3977,375,3/9/2020,9/6/2022
Out for Delivery,Ship,Crate,International,Overdue,5683,57.9,247.74,4622,286,1/27/2020,9/28/2021
Out for Delivery,Airplane,Pallet,Local,Paid,8802,15.0,480.69,790,10,5/10/2020,3/21/2020
In Transit,Ship,Pallet,National,Pending,1803,48.4,60.42,1604,126,6/19/2021,8/13/2021
In Transit,Ship,Pallet,Local,Overdue,3773,46.7,603.78,301,335,6/18/2020,3/17/2021
In Transit,Ship,Box,International,Pending,5694,69.4,233.14,1520,949,4/16/2021,7/12/2020
Out for Delivery,Airplane,Envelope,Local,Pending,2795,20.9,165.19,2896,894,3/1/2020,9/13/2020
Delayed,Airplane,Crate,National,Pending,1395,97.4,913.85,2918,598,8/17/2020,6/4/2022
In Transit,Train,Box,Local,Overdue,7591,20.6,981.49,2667,829,4/29/2020,11/11/2021
In Transit,Train,Pallet,International,Paid,1341,55.8,285.86,3935,690,3/13/2020,7/30/2022
Out for Delivery,Truck,Envelope,Local,Overdue,3944,10.7,22.71,2572,630,6/1/2022,1/5/2020
Delayed,Airplane,Envelope,International,Overdue,4799,32.7,512.71,4277,322,12/15/2021,4/2/2021
In Transit,Airplane,Crate,National,Pending,4238,61.0,5.97,3399,376,1/21/2022,5/21/2020
In Transit,Ship,Pallet,International,Overdue,4339,93.7,595.87,3971,898,4/13/2020,4/23/2022
Delayed,Ship,Box,Local,Pending,9600,93.2,605.38,3424,359,7/11/2021,10/24/2021
Delayed,Ship,Crate,Local,Pending,6884,50.6,821.0,2459,546,10/2/2021,2/9/2020
In Transit,Train,Pallet,International,Overdue,6073,38.3,55.17,4299,847,3/10/2022,2/7/2020
In Transit,Train,Crate,International,Paid,8091,19.7,637.3,4611,544,6/19/2021,2/4/2022
Delivered,Truck,Envelope,National,Paid,9808,24.5,451.92,675,735,10/4/2020,7/10/2022
Delayed,Truck,Crate,International,Paid,4757,86.2,919.55,4445,439,1/21/2021,5/12/2021
Out for Delivery,Airplane,Crate,Local,Paid,8242,42.8,333.69,4036,823,4/28/2021,11/2/2021
In Transit,Airplane,Box,National,Overdue,6210,9.5,20.73,3538,719,9/12/2020,5/4/2021
Delayed,Airplane,Box,Local,Overdue,9230,81.8,421.86,4253,485,10/25/2022,5/22/2022
Out for Delivery,Train,Pallet,Local,Overdue,4181,34.6,341.93,3441,420,8/14/2021,2/21/2020
Out for Delivery,Airplane,Pallet,International,Paid,3200,87.5,708.25,1810,17,11/11/2022,4/17/2021
Delayed,Truck,Envelope,Local,Overdue,8335,42.8,257.51,4947,154,8/12/2022,1/24/2020
Delayed,Airplane,Envelope,Local,Overdue,5569,18.2,387.35,1167,901,11/24/2020,5/5/2022
Delayed,Truck,Crate,Local,Paid,6661,74.4,447.61,1915,291,3/6/2020,1/16/2020
Out for Delivery,Truck,Crate,International,Pending,9073,90.0,949.52,2444,781,1/18/2021,5/9/2021
Delayed,Truck,Pallet,National,Overdue,1489,31.5,177.89,3942,202,10/28/2020,5/3/2022
Delayed,Airplane,Pallet,International,Overdue,2577,68.9,673.42,871,598,9/28/2021,12/3/2021
In Transit,Train,Envelope,Local,Paid,9115,75.6,926.8,1545,288,6/21/2020,6/16/2022
Out for Delivery,Ship,Box,National,Pending,5771,91.1,602.37,3779,322,5/13/2020,4/29/2021
Delivered,Ship,Box,International,Pending,7320,38.2,793.81,1064,734,6/2/2020,3/30/2021
In Transit,Airplane,Crate,Local,Paid,6496,32.2,131.83,4472,719,8/19/2021,9/12/2021
In Transit,Ship,Box,National,Paid,8783,80.4,512.47,916,962,3/25/2021,11/26/2020
In Transit,Train,Pallet,Local,Paid,2176,86.0,639.43,3169,517,2/7/2020,8/19/2021
Delivered,Airplane,Crate,International,Paid,1280,56.1,486.69,3667,693,4/29/2022,6/19/2020
Delayed,Ship,Pallet,Local,Overdue,8981,3.5,981.38,1568,224,10/30/2022,5/7/2022
Delivered,Truck,Box,Local,Pending,7434,73.9,212.69,604,699,2/27/2021,8/19/2020
Delayed,Truck,Envelope,Local,Pending,3539,46.1,232.77,2401,354,12/15/2022,7/6/2022
In Transit,Truck,Box,Local,Overdue,1548,7.8,30.71,3498,894,12/6/2021,7/11/2020
In Transit,Airplane,Box,International,Paid,4403,16.6,320.35,3332,932,8/10/2022,12/13/2020
In Transit,Airplane,Pallet,National,Overdue,3729,22.6,402.56,1216,299,7/6/2022,10/1/2020
Out for Delivery,Train,Crate,International,Overdue,4814,65.2,768.21,2421,555,12/22/2020,5/2/2022
Delayed,Train,Box,Local,Paid,1936,5.8,625.72,3398,905,6/7/2022,5/8/2020
Out for Delivery,Train,Envelope,Local,Pending,4043,43.0,66.79,4241,748,7/19/2020,3/27/2020
Out for Delivery,Train,Crate,Local,Pending,1544,21.0,982.6,3372,826,10/30/2021,10/25/2020
Out for Delivery,Airplane,Envelope,National,Overdue,2967,0.2,946.47,214,517,12/14/2021,10/27/2020
Delivered,Ship,Crate,Local,Overdue,5985,62.5,654.76,4182,30,12/27/2022,4/2/2021
In Transit,Truck,Envelope,Local,Paid,6954,89.2,245.22,3426,643,12/2/2022,12/14/2020
In Transit,Truck,Crate,International,Overdue,2667,65.5,714.86,463,668,9/16/2020,3/6/2022
Delayed,Train,Crate,International,Paid,4146,19.4,414.33,2861,967,12/14/2021,10/31/2021
Delivered,Ship,Box,International,Pending,2721,10.7,145.0,2473,880,9/5/2022,9/21/2022
In Transit,Train,Crate,Local,Paid,5095,94.5,56.41,4365,217,8/27/2021,8/18/2020
Delayed,Ship,Pallet,National,Pending,9647,68.3,626.82,283,444,11/21/2020,12/1/2021
In Transit,Train,Crate,International,Overdue,9266,18.9,839.42,4855,18,12/19/2022,8/6/2020
Out for Delivery,Ship,Pallet,International,Paid,5139,91.1,462.43,1811,23,8/25/2022,7/26/2020
Delayed,Truck,Box,National,Pending,6436,6.4,463.29,43,610,11/13/2021,3/21/2022
Delayed,Airplane,Box,National,Paid,2311,61.5,514.6,368,391,4/15/2021,8/5/2021
Delayed,Ship,Box,International,Paid,7480,30.0,973.26,3742,275,5/5/2020,3/20/2021
Out for Delivery,Truck,Crate,Local,Pending,7641,38.9,680.04,4262,16,9/21/2022,7/25/2020
Delayed,Ship,Crate,International,Paid,8492,5.0,803.79,3721,82,4/28/2021,5/22/2022
Delivered,Airplane,Envelope,National,Overdue,3048,89.0,819.44,819,95,9/25/2020,7/26/2020
Out for Delivery,Ship,Envelope,International,Paid,4597,59.7,958.66,1802,829,5/19/2020,7/11/2021
Delivered,Airplane,Box,International,Overdue,2981,39.5,10.36,717,548,1/5/2020,1/3/2020
Delivered,Train,Crate,International,Pending,2262,27.3,54.98,4164,306,6/1/2020,8/13/2021
Out for Delivery,Ship,Crate,National,Paid,3292,52.2,793.49,1078,685,9/9/2022,1/13/2020
Delayed,Ship,Crate,International,Paid,6614,72.7,209.3,618,493,8/24/2021,3/18/2020
In Transit,Train,Envelope,National,Paid,2308,61.8,342.21,4478,836,10/18/2020,4/18/2022
Delayed,Train,Pallet,National,Paid,6914,83.3,785.25,4895,170,12/24/2022,3/28/2022
In Transit,Truck,Pallet,International,Paid,8835,65.0,191.41,2735,364,4/14/2022,4/3/2020
Out for Delivery,Ship,Crate,International,Overdue,3990,60.5,133.34,1386,94,5/10/2021,3/27/2022
Delivered,Train,Crate,National,Overdue,3913,93.8,744.55,2596,690,4/26/2020,1/30/2020
Out for Delivery,Airplane,Crate,Local,Pending,3067,88.3,929.9,4881,843,10/18/2021,10/12/2021
In Transit,Train,Crate,International,Paid,3856,6.9,583.96,2489,980,2/22/2021,12/25/2022
Delivered,Train,Crate,International,Overdue,4913,16.9,810.64,4415,911,2/16/2021,5/3/2021
Out for Delivery,Train,Envelope,International,Paid,6837,83.3,949.15,701,492,3/28/2020,9/12/2020
Delayed,Airplane,Box,National,Overdue,7770,31.6,667.66,951,502,10/5/2022,10/23/2021
Out for Delivery,Truck,Pallet,International,Paid,8820,27.4,98.89,1050,723,8/4/2022,5/9/2021
In Transit,Truck,Crate,Local,Overdue,8225,61.2,486.97,4997,680,6/13/2020,11/10/2020
Out for Delivery,Ship,Pallet,National,Overdue,3033,58.6,871.56,1601,649,9/26/2020,3/24/2020
Out for Delivery,Ship,Envelope,Local,Paid,9263,84.5,820.46,2570,139,11/22/2021,7/7/2022
Delayed,Train,Envelope,Local,Overdue,9321,78.7,598.39,317,578,10/24/2020,7/21/2021
In Transit,Airplane,Envelope,National,Pending,9906,50.5,530.29,2097,751,4/25/2021,4/24/2020
Out for Delivery,Truck,Box,Local,Paid,3132,68.9,635.98,3778,601,12/21/2022,2/7/2022
Delayed,Airplane,Box,International,Overdue,6721,26.9,940.28,302,966,7/30/2020,8/19/2021
In Transit,Ship,Crate,Local,Paid,3058,99.6,267.19,3852,204,11/22/2020,9/22/2021
Delayed,Truck,Box,Local,Paid,1606,9.9,753.17,282,285,3/16/2022,5/14/2020
Delivered,Airplane,Envelope,Local,Overdue,2668,92.6,965.79,3101,694,11/30/2022,6/10/2022
Delivered,Ship,Box,Local,Pending,2994,95.2,546.77,534,662,6/3/2022,3/20/2022
Delayed,Truck,Box,National,Paid,5887,19.9,546.86,530,815,2/9/2020,4/18/2022
In Transit,Train,Crate,National,Pending,7940,99.5,269.3,2836,126,10/21/2020,12/9/2020
Delayed,Train,Pallet,Local,Paid,5239,89.0,246.64,4967,736,10/22/2022,11/4/2020
Delivered,Airplane,Box,Local,Overdue,1873,7.6,914.43,3273,265,5/25/2021,5/22/2021
Out for Delivery,Train,Box,International,Pending,7639,10.1,868.05,1466,554,8/4/2020,10/9/2020
Delayed,Truck,Crate,International,Paid,8006,90.1,390.04,4867,965,5/23/2020,7/27/2022
Delivered,Ship,Box,International,Paid,8389,58.3,547.15,3045,761,7/15/2020,9/19/2021
Delayed,Train,Envelope,National,Overdue,7736,84.0,990.26,1573,592,6/16/2020,7/31/2022
In Transit,Ship,Box,Local,Paid,8128,0.2,497.52,3666,388,12/4/2022,4/12/2022
In Transit,Train,Crate,International,Pending,2482,60.1,863.9,3871,834,5/27/2022,5/2/2020
Out for Delivery,Ship,Pallet,Local,Overdue,4995,78.9,106.33,3200,998,12/6/2020,4/11/2020
Out for Delivery,Train,Crate,Local,Paid,6996,84.7,200.12,1869,329,6/25/2022,10/17/2021
Out for Delivery,Ship,Envelope,International,Overdue,3452,36.7,699.57,2677,614,5/5/2021,6/10/2022
Out for Delivery,Truck,Envelope,International,Overdue,3220,87.4,204.08,2256,298,9/10/2022,9/11/2020
In Transit,Train,Crate,Local,Pending,2519,17.9,110.06,1106,417,7/12/2020,6/15/2020
Delayed,Truck,Pallet,Local,Overdue,3144,57.7,214.17,3788,163,2/5/2021,9/1/2020
Out for Delivery,Airplane,Crate,International,Pending,4297,29.8,25.36,2659,152,12/9/2020,3/13/2020
In Transit,Airplane,Envelope,International,Paid,1623,10.0,510.35,2329,121,4/14/2022,12/29/2022
Out for Delivery,Ship,Envelope,National,Pending,1507,7.5,548.07,4087,995,10/10/2020,9/2/2022
Delayed,Airplane,Pallet,Local,Pending,7886,6.0,666.51,3951,578,3/24/2022,7/12/2022
Delayed,Ship,Box,National,Paid,9212,99.0,825.35,3521,656,9/9/2022,5/9/2022
In Transit,Airplane,Crate,Local,Paid,8461,32.1,896.62,3195,759,1/12/2020,3/10/2021
Out for Delivery,Ship,Box,Local,Pending,9554,0.2,857.97,3899,211,5/26/2021,5/2/2021
Delivered,Train,Pallet,International,Paid,5635,1.8,187.76,4071,854,7/26/2020,8/4/2020
Delayed,Train,Crate,National,Paid,8644,76.8,359.75,2745,614,1/30/2022,3/14/2020
Out for Delivery,Train,Envelope,National,Pending,5097,43.3,294.85,4762,645,4/30/2022,5/10/2021
In Transit,Ship,Box,International,Overdue,6793,49.5,865.34,1477,4,5/3/2021,4/12/2022
In Transit,Ship,Pallet,National,Pending,8749,33.4,98.96,1211,935,1/10/2020,12/14/2020
In Transit,Ship,Pallet,Local,Pending,2561,67.3,404.4,2513,367,5/20/2020,3/26/2022
Delayed,Airplane,Crate,National,Pending,3455,83.1,698.58,3421,559,4/16/2020,5/1/2021
In Transit,Airplane,Pallet,National,Pending,4073,51.0,427.6,1294,957,3/28/2022,5/21/2022
Delayed,Ship,Envelope,International,Pending,8835,73.8,151.94,1549,663,6/26/2022,11/13/2022
Out for Delivery,Airplane,Crate,National,Overdue,9821,61.9,688.67,4470,742,12/8/2022,7/7/2021
Delivered,Truck,Crate,International,Overdue,6803,2.9,735.84,2437,365,6/22/2021,6/13/2021
Out for Delivery,Truck,Pallet,International,Pending,7533,71.2,500.52,3274,95,5/11/2020,2/17/2020
In Transit,Ship,Envelope,Local,Overdue,7912,4.6,434.07,2873,803,12/25/2021,8/16/2021
Delivered,Ship,Pallet,National,Overdue,7627,2.0,640.62,3063,533,2/9/2021,7/15/2022
Delivered,Airplane,Box,National,Pending,6502,33.5,631.83,4867,435,9/8/2020,7/16/2021
Delivered,Truck,Box,International,Overdue,4912,72.5,278.21,4389,32,12/25/2022,6/22/2020
Out for Delivery,Airplane,Crate,National,Pending,2967,97.2,952.92,4835,794,8/10/2022,3/27/2021
Delivered,Train,Envelope,Local,Pending,3452,37.5,941.14,1663,10,6/26/2020,9/3/2022
In Transit,Truck,Envelope,National,Overdue,4923,89.4,693.69,2207,632,5/28/2021,2/22/2022
Delivered,Airplane,Crate,International,Pending,4473,36.1,646.66,1791,119,10/9/2021,5/24/2022
Delivered,Truck,Pallet,International,Paid,3992,41.2,82.7,1956,188,7/12/2020,10/15/2021
Delayed,Airplane,Envelope,Local,Pending,7466,84.4,653.16,2819,622,2/28/2020,4/26/2020
Delayed,Ship,Pallet,National,Paid,3690,74.9,512.43,3218,520,9/26/2020,9/19/2021
Delivered,Train,Pallet,National,Paid,1891,42.1,898.97,3841,169,7/14/2021,11/1/2021
Out for Delivery,Airplane,Pallet,International,Overdue,3677,63.4,434.75,3440,459,6/24/2022,4/7/2022
Out for Delivery,Airplane,Pallet,International,Overdue,8549,44.3,153.12,3421,425,4/15/2020,1/29/2022
Out for Delivery,Truck,Envelope,National,Pending,5056,2.9,353.33,195,105,3/28/2021,10/3/2022
Delayed,Airplane,Crate,International,Overdue,4548,67.2,706.83,2194,224,12/23/2020,6/15/2020
Delivered,Truck,Box,International,Paid,1161,65.7,525.46,4206,957,4/2/2022,4/22/2021
Delivered,Ship,Crate,National,Overdue,8722,8.0,151.52,4803,36,5/16/2022,1/25/2022
Out for Delivery,Truck,Envelope,Local,Overdue,7806,91.9,556.88,3322,780,5/29/2022,11/15/2021
Out for Delivery,Airplane,Pallet,Local,Overdue,3416,85.6,510.26,3252,12,8/16/2021,2/21/2020
In Transit,Truck,Crate,International,Pending,1340,37.9,81.2,2278,496,5/7/2022,3/7/2022
Delivered,Truck,Pallet,Local,Overdue,4811,42.3,79.06,4819,590,6/2/2020,12/18/2021
Delayed,Ship,Crate,National,Paid,6106,45.4,819.98,4773,795,2/6/2022,3/5/2021
Delivered,Airplane,Pallet,Local,Paid,2976,62.7,750.71,984,316,5/27/2020,8/8/2021
Delayed,Airplane,Box,International,Paid,5400,34.7,566.68,2037,486,8/18/2020,4/13/2022
In Transit,Train,Crate,Local,Paid,4521,38.9,626.88,1312,135,7/28/2021,6/7/2021
In Transit,Airplane,Envelope,Local,Pending,8975,27.3,415.52,4376,501,4/22/2021,5/23/2022
Delayed,Train,Envelope,International,Overdue,8853,51.2,273.7,4723,906,7/11/2022,12/25/2022
Delayed,Truck,Crate,National,Paid,3353,51.2,552.12,3509,519,2/14/2021,3/7/2020
Delayed,Train,Envelope,International,Overdue,5187,33.6,461.31,1589,140,8/15/2022,4/30/2020
Delivered,Truck,Pallet,International,Paid,3629,86.5,796.11,1354,71,4/6/2020,8/21/2021
Out for Delivery,Ship,Crate,Local,Paid,2333,8.8,261.6,3063,810,8/14/2022,10/23/2022
Out for Delivery,Train,Envelope,International,Pending,8288,22.2,858.08,2629,659,7/5/2022,4/19/2020
Delayed,Truck,Pallet,International,Pending,1957,42.7,291.06,4383,869,10/8/2020,3/3/2021
Out for Delivery,Truck,Envelope,National,Paid,6564,92.4,116.65,4427,234,3/19/2022,6/19/2020
Delivered,Airplane,Envelope,International,Paid,5555,94.2,25.26,4773,588,10/30/2021,8/15/2020
Out for Delivery,Train,Box,National,Pending,5310,1.4,116.36,2560,909,10/24/2021,3/11/2020
Delivered,Train,Box,Local,Paid,1760,58.5,494.5,498,526,1/26/2021,10/25/2022
Out for Delivery,Ship,Box,International,Pending,6789,72.7,429.1,2685,578,7/15/2022,2/2/2021
Delayed,Airplane,Pallet,International,Overdue,6278,94.1,510.75,3338,345,10/27/2021,6/23/2022
Out for Delivery,Ship,Box,International,Pending,7886,93.3,261.39,300,706,2/18/2021,2/28/2022
Out for Delivery,Train,Box,National,Paid,9883,16.9,263.21,1611,617,2/28/2021,1/6/2021
In Transit,Train,Box,Local,Paid,9856,56.7,867.15,24,884,8/4/2022,12/31/2021
Out for Delivery,Train,Crate,International,Overdue,6588,51.1,176.91,2751,739,1/24/2020,4/28/2022
In Transit,Truck,Envelope,National,Pending,8580,31.0,605.17,1706,163,5/25/2021,2/9/2020
Out for Delivery,Ship,Pallet,National,Overdue,4277,93.5,957.78,2309,145,8/4/2020,6/27/2020
Delayed,Truck,Box,International,Paid,6429,49.0,995.48,2483,514,3/27/2022,2/3/2020
Delayed,Ship,Envelope,Local,Paid,1070,5.5,543.75,3362,377,12/21/2020,8/28/2022
Out for Delivery,Truck,Envelope,International,Paid,2845,53.9,88.78,1537,136,6/3/2020,12/20/2022
Delivered,Truck,Pallet,Local,Paid,2749,68.5,650.02,3452,165,7/21/2022,11/10/2020
Out for Delivery,Train,Envelope,International,Paid,8834,45.8,553.76,2782,459,5/28/2022,12/28/2020
Delivered,Airplane,Box,National,Overdue,7513,27.4,331.58,3137,613,7/1/2020,8/21/2020
Delayed,Ship,Pallet,National,Overdue,7329,10.0,585.41,1516,870,8/26/2021,1/5/2021
In Transit,Airplane,Pallet,National,Pending,4553,16.1,899.2,1430,66,7/21/2022,11/30/2022
In Transit,Truck,Envelope,Local,Paid,3693,96.1,157.86,818,963,10/13/2020,11/30/2021
In Transit,Train,Envelope,International,Pending,8640,72.8,982.65,4925,296,12/4/2020,8/17/2021
Out for Delivery,Train,Box,International,Pending,9371,97.9,808.44,4115,432,4/23/2021,10/30/2020
In Transit,Airplane,Pallet,International,Paid,8769,73.7,98.1,3194,651,2/7/2020,7/8/2022
Delivered,Airplane,Pallet,International,Overdue,5922,81.6,577.1,1349,825,9/28/2022,10/2/2022
In Transit,Ship,Envelope,National,Pending,6514,6.6,340.99,429,497,10/23/2022,4/8/2021
Delivered,Train,Box,National,Overdue,8372,20.5,490.33,3054,646,12/8/2020,2/8/2021
Out for Delivery,Train,Box,Local,Pending,2536,12.6,3.35,3240,592,12/5/2022,5/10/2021
Delayed,Ship,Pallet,Local,Pending,4219,52.6,152.81,3758,788,5/24/2021,1/22/2020
Out for Delivery,Ship,Pallet,Local,Pending,1932,74.4,907.02,249,23,4/15/2022,3/14/2022
Out for Delivery,Truck,Pallet,Local,Overdue,5772,21.5,502.3,3434,59,12/27/2021,3/5/2021
In Transit,Ship,Envelope,National,Pending,5254,68.5,275.96,3192,24,9/3/2020,6/9/2021
Delivered,Ship,Crate,Local,Overdue,5221,21.3,934.25,241,711,9/22/2021,7/11/2020
Delayed,Airplane,Envelope,National,Pending,8620,20.6,319.08,1132,335,5/11/2020,5/6/2021
Delivered,Ship,Crate,Local,Paid,9692,50.0,666.78,282,603,3/30/2020,9/11/2020
Out for Delivery,Train,Box,International,Overdue,1842,86.0,947.69,4899,212,12/20/2020,11/21/2020
In Transit,Airplane,Box,Local,Paid,2740,99.2,197.89,4759,641,7/5/2022,11/21/2021
Out for Delivery,Truck,Crate,National,Pending,3219,51.7,685.33,1441,205,8/13/2021,6/5/2020
In Transit,Airplane,Box,Local,Pending,1954,60.1,102.78,2163,181,9/20/2021,12/28/2022
Out for Delivery,Truck,Crate,International,Pending,3818,73.6,657.64,4673,278,2/11/2022,1/17/2020
In Transit,Ship,Pallet,Local,Pending,3857,37.8,332.97,3546,286,4/17/2022,8/22/2022
In Transit,Truck,Pallet,National,Overdue,8655,39.2,165.75,4438,772,11/25/2022,2/21/2021
Out for Delivery,Truck,Envelope,International,Paid,4114,54.7,424.62,3423,866,10/9/2020,1/21/2021
Delivered,Train,Pallet,Local,Paid,3585,31.3,423.81,2584,305,9/18/2021,12/23/2021
Delivered,Ship,Pallet,National,Pending,9698,65.4,235.87,2813,554,7/19/2022,6/6/2021
In Transit,Ship,Envelope,Local,Pending,5988,96.0,640.57,2252,375,10/18/2022,4/22/2021
In Transit,Truck,Crate,International,Paid,8650,64.8,425.54,4200,741,3/30/2021,6/15/2020
Delivered,Train,Envelope,National,Overdue,2461,71.0,192.64,1110,417,4/29/2021,8/12/2021
In Transit,Airplane,Envelope,National,Pending,6361,12.9,191.58,4369,40,8/14/2022,3/22/2020
Delayed,Truck,Box,National,Pending,5503,95.0,191.4,4715,862,5/2/2020,12/22/2020
Out for Delivery,Train,Crate,National,Pending,5470,17.0,264.31,4630,828,1/15/2020,6/15/2022
Delayed,Train,Pallet,International,Pending,8361,26.3,440.68,1854,5,5/2/2020,1/31/2020
Delayed,Truck,Envelope,Local,Overdue,7818,94.3,10.95,509,69,9/15/2021,3/24/2022
Delayed,Ship,Crate,International,Overdue,8281,11.9,133.37,4791,486,5/31/2022,5/21/2021
Out for Delivery,Ship,Envelope,Local,Paid,6114,7.0,137.88,1670,172,9/17/2022,10/2/2020
Delivered,Truck,Crate,Local,Overdue,8771,50.6,36.86,4358,309,12/2/2022,12/23/2022
In Transit,Train,Pallet,International,Pending,4704,36.7,191.56,1524,607,8/23/2020,2/5/2022
Out for Delivery,Truck,Pallet,International,Overdue,2494,36.8,313.09,2634,560,12/7/2022,10/24/2020
Delayed,Train,Crate,National,Pending,9542,65.0,736.91,4621,318,4/9/2021,7/21/2022
Delayed,Truck,Envelope,Local,Overdue,5716,48.3,484.21,2333,95,2/13/2022,10/20/2020
Delayed,Airplane,Box,International,Overdue,7962,74.9,15.7,3957,126,12/23/2021,7/1/2022
Out for Delivery,Truck,Envelope,Local,Overdue,7295,26.8,539.28,1462,929,10/21/2021,1/20/2021
In Transit,Ship,Envelope,National,Paid,5552,77.1,338.92,3162,179,8/3/2022,3/5/2021
Out for Delivery,Train,Pallet,International,Paid,4413,9.7,140.03,2017,216,3/21/2021,2/20/2020
Delayed,Ship,Crate,International,Paid,5179,77.8,86.33,4939,433,11/8/2021,1/28/2021
Delayed,Truck,Pallet,National,Overdue,9938,95.1,23.77,133,7,10/27/2022,4/26/2022
In Transit,Truck,Pallet,Local,Pending,4504,13.5,935.26,4197,212,3/24/2020,2/4/2022
Delivered,Ship,Box,Local,Overdue,6852,67.3,972.8,4884,138,4/5/2021,9/14/2021
Out for Delivery,Ship,Envelope,Local,Paid,5601,74.1,444.74,1860,82,1/18/2021,3/10/2020
Out for Delivery,Truck,Pallet,International,Overdue,3173,69.7,95.43,3402,651,5/11/2021,1/16/2020
Delivered,Airplane,Crate,National,Overdue,4997,1.8,230.47,1734,644,3/30/2022,8/3/2022
Out for Delivery,Train,Box,Local,Paid,4532,99.1,586.5,2518,648,10/1/2020,12/11/2020
Out for Delivery,Truck,Pallet,International,Overdue,2617,22.7,701.87,4422,49,11/2/2022,6/14/2022
Delayed,Train,Crate,Local,Paid,3235,11.2,424.67,4506,394,6/27/2020,2/27/2021
In Transit,Airplane,Envelope,International,Pending,1543,29.0,166.59,2190,356,3/6/2020,8/25/2021
Out for Delivery,Ship,Pallet,International,Paid,7582,80.4,863.48,87,810,9/9/2022,3/9/2022
Out for Delivery,Train,Envelope,Local,Overdue,1967,43.3,873.51,1222,373,8/19/2022,8/12/2022
In Transit,Airplane,Pallet,Local,Overdue,5020,82.9,891.01,4792,187,10/29/2020,6/18/2021
Delayed,Ship,Envelope,International,Pending,1238,46.1,251.67,655,594,3/11/2022,5/8/2022
In Transit,Truck,Box,International,Pending,7853,63.1,963.91,1266,296,2/3/2020,1/27/2021
Delayed,Truck,Pallet,National,Paid,4960,57.9,287.69,2915,210,3/5/2020,9/11/2022
Delivered,Truck,Envelope,Local,Paid,6637,42.4,601.97,2074,262,3/29/2021,2/16/2021
Delayed,Ship,Pallet,National,Overdue,5825,80.5,562.08,2411,289,6/18/2022,3/27/2021
Delayed,Ship,Envelope,International,Paid,8721,12.3,61.13,502,696,3/14/2022,8/8/2022
Delayed,Train,Envelope,Local,Overdue,3949,21.6,8.31,3602,487,9/9/2022,6/1/2021
Delayed,Truck,Pallet,Local,Pending,8477,44.6,926.9,4396,21,6/10/2020,5/19/2022
Delayed,Truck,Pallet,Local,Paid,7966,95.3,377.07,4274,78,9/13/2022,1/19/2021
Delivered,Train,Box,International,Paid,7957,93.3,229.62,1499,255,5/20/2022,11/27/2022
Out for Delivery,Truck,Envelope,International,Paid,2886,86.1,133.96,1274,563,12/9/2022,7/11/2021
Delivered,Airplane,Envelope,National,Paid,8832,47.9,64.35,3223,273,1/16/2020,1/25/2021
Delivered,Truck,Crate,National,Paid,3744,86.3,440.59,4488,521,5/18/2020,9/9/2020
Delayed,Train,Crate,Local,Pending,2865,94.6,104.78,2293,420,2/3/2022,8/10/2022
In Transit,Airplane,Envelope,International,Overdue,2252,5.5,440.71,122,178,9/26/2020,10/12/2020
Out for Delivery,Ship,Box,National,Pending,4862,20.1,137.49,3237,494,10/12/2021,5/19/2020
Delivered,Truck,Pallet,National,Pending,3167,75.2,309.4,4173,478,5/3/2021,5/30/2021
Delivered,Ship,Envelope,International,Overdue,7903,73.4,343.08,1996,698,12/3/2021,11/15/2021
Delivered,Truck,Crate,Local,Overdue,1621,90.9,561.97,3198,619,1/7/2020,5/31/2021
Out for Delivery,Airplane,Pallet,Local,Paid,9289,23.4,667.81,1377,331,12/18/2021,7/21/2022
In Transit,Train,Box,Local,Pending,7920,75.2,169.39,1910,383,7/4/2022,4/8/2021
Out for Delivery,Airplane,Pallet,International,Pending,3042,65.3,537.2,806,209,7/3/2022,6/9/2020
Out for Delivery,Train,Pallet,National,Paid,2061,21.8,67.12,4846,453,7/27/2022,8/3/2022
Delayed,Airplane,Envelope,Local,Pending,2062,28.2,288.59,3663,451,8/11/2020,9/22/2021
Delivered,Train,Box,National,Overdue,4295,78.8,834.9,4048,199,1/12/2022,3/8/2021
Delayed,Ship,Pallet,National,Pending,8646,72.7,355.37,1637,789,10/19/2020,10/13/2021
Delivered,Train,Envelope,International,Pending,8654,45.5,451.1,289,105,3/13/2021,11/13/2021
Delayed,Truck,Pallet,International,Paid,8580,99.5,775.8,11,804,9/22/2022,3/19/2021
Delivered,Airplane,Envelope,International,Pending,8945,42.8,778.01,1195,421,4/24/2022,11/25/2022
In Transit,Airplane,Crate,National,Pending,7406,5.9,994.57,4029,767,10/2/2020,10/7/2021
In Transit,Airplane,Envelope,International,Pending,7906,99.4,755.37,2961,824,3/10/2020,5/26/2021
Delayed,Truck,Pallet,Local,Paid,4178,13.3,807.14,880,226,11/19/2020,8/15/2020
Out for Delivery,Truck,Envelope,National,Overdue,7848,34.7,300.43,2948,314,4/4/2022,11/10/2021
In Transit,Airplane,Envelope,National,Overdue,4623,59.3,666.47,1903,130,10/29/2022,6/1/2020
Out for Delivery,Truck,Box,National,Pending,3459,65.3,503.53,2111,59,11/28/2021,8/11/2021
In Transit,Train,Envelope,International,Paid,6988,61.0,50.1,4819,664,2/18/2021,10/7/2021
Delayed,Ship,Box,National,Overdue,2411,51.3,709.09,2820,448,12/6/2022,1/29/2021
Delivered,Truck,Box,Local,Pending,9685,70.0,774.02,2937,863,1/12/2020,5/9/2020
Delayed,Truck,Pallet,Local,Pending,4521,44.0,973.6,2478,89,4/23/2022,1/22/2022
In Transit,Train,Envelope,Local,Paid,1300,22.5,493.57,3561,64,7/18/2022,8/7/2022
Out for Delivery,Train,Envelope,Local,Overdue,6091,6.5,694.76,2391,175,4/17/2022,6/11/2021
Out for Delivery,Truck,Crate,International,Paid,1581,68.9,184.7,4686,626,8/17/2022,12/11/2022
Delayed,Airplane,Envelope,National,Pending,1756,91.7,843.04,4756,375,3/5/2022,5/23/2022
In Transit,Airplane,Pallet,Local,Paid,9192,32.5,352.35,949,251,4/30/2022,1/9/2020
Delayed,Ship,Envelope,International,Overdue,4235,59.6,935.9,4357,204,8/21/2021,1/31/2022
Delayed,Truck,Pallet,International,Overdue,2927,58.1,653.65,4331,464,6/17/2022,8/6/2022
In Transit,Ship,Envelope,Local,Overdue,3367,14.8,573.05,1021,828,12/18/2020,5/12/2020
Delivered,Train,Crate,Local,Overdue,3704,2.6,403.74,558,447,7/25/2022,7/8/2021
Out for Delivery,Airplane,Box,Local,Pending,4776,15.2,994.2,3581,309,5/16/2021,5/22/2021
Delivered,Ship,Crate,National,Paid,5457,60.7,75.77,135,830,6/20/2020,11/9/2021
Delayed,Truck,Box,National,Pending,5616,94.4,532.43,2161,93,5/6/2022,12/6/2022
In Transit,Ship,Crate,International,Pending,4422,2.7,480.22,1959,310,6/25/2020,10/16/2022
Delayed,Airplane,Crate,International,Overdue,9064,15.5,439.36,4999,515,12/17/2022,11/18/2022
Out for Delivery,Ship,Envelope,International,Paid,5298,20.2,246.64,4265,219,11/21/2020,6/25/2021
Out for Delivery,Airplane,Box,International,Pending,9193,55.2,983.21,2031,649,11/3/2020,8/29/2021
Out for Delivery,Train,Box,National,Pending,9095,15.5,252.68,2547,70,6/22/2020,9/7/2022
Out for Delivery,Airplane,Pallet,International,Paid,1556,33.0,172.04,4879,378,10/17/2020,10/9/2021
Delayed,Airplane,Box,Local,Paid,2637,23.6,403.62,60,784,2/5/2020,8/28/2022
Out for Delivery,Train,Crate,International,Paid,5659,10.6,39.75,1393,132,7/28/2020,10/16/2021
Out for Delivery,Train,Envelope,International,Paid,7696,68.5,514.23,259,743,12/24/2022,10/16/2022
Out for Delivery,Truck,Crate,International,Pending,8725,24.6,344.26,4188,461,8/22/2021,7/10/2021
Delayed,Train,Envelope,Local,Pending,7650,59.7,620.04,4751,867,5/9/2021,12/19/2020
Delayed,Truck,Envelope,Local,Paid,4730,75.1,130.85,2733,395,8/24/2021,5/17/2022
Delayed,Ship,Box,International,Pending,6828,96.8,228.42,2965,998,2/27/2020,8/17/2022
Out for Delivery,Train,Pallet,National,Overdue,5072,25.5,6.39,1310,807,2/8/2022,6/18/2021
Out for Delivery,Train,Pallet,National,Overdue,1271,4.1,700.75,2077,484,8/27/2021,5/1/2022
Delayed,Train,Pallet,Local,Pending,2647,16.6,589.58,1417,393,4/2/2021,1/25/2022
Delayed,Ship,Envelope,International,Paid,4300,65.3,662.86,2165,665,3/13/2020,6/9/2022
Out for Delivery,Ship,Envelope,International,Paid,5366,21.4,133.35,1052,636,8/3/2021,8/27/2022
Delivered,Ship,Box,Local,Paid,6461,79.0,470.35,264,323,5/2/2020,9/3/2021
Delayed,Ship,Pallet,National,Overdue,1792,23.4,474.08,3150,872,4/15/2020,2/22/2022
In Transit,Ship,Pallet,International,Paid,8715,87.8,808.7,4306,865,2/25/2022,1/25/2020
Out for Delivery,Truck,Envelope,National,Paid,9465,32.4,754.57,1166,489,5/11/2020,5/20/2022
Delivered,Truck,Box,Local,Overdue,5111,20.2,227.82,408,202,4/8/2022,8/7/2020
Out for Delivery,Airplane,Envelope,National,Pending,2970,77.1,914.38,2303,294,10/26/2022,11/12/2022
Delivered,Ship,Box,Local,Pending,8935,88.7,976.91,3942,787,10/2/2020,6/10/2022
Delivered,Ship,Pallet,Local,Paid,7573,68.1,984.54,3755,837,9/4/2020,1/22/2021
Delivered,Train,Crate,International,Paid,6493,0.7,865.2,2995,50,9/29/2021,10/17/2022
Delivered,Truck,Crate,National,Pending,8590,10.4,280.34,315,310,8/12/2022,8/3/2021
Delivered,Airplane,Box,International,Paid,7882,49.5,101.4,2778,999,7/22/2020,7/5/2022
Delayed,Ship,Crate,Local,Pending,1445,9.3,417.47,1379,971,1/19/2021,8/29/2020
Delayed,Train,Box,International,Overdue,9073,52.4,273.13,3579,264,12/23/2022,8/20/2022
Delayed,Ship,Crate,International,Paid,4818,99.7,221.19,1853,253,11/5/2022,12/25/2021
Out for Delivery,Train,Box,Local,Overdue,5501,23.7,859.5,451,233,5/18/2020,5/24/2022
Delivered,Train,Box,Local,Paid,6091,58.4,284.37,563,112,11/15/2020,8/18/2020
Delivered,Ship,Box,National,Pending,2543,73.7,770.16,3955,149,1/28/2022,5/29/2021
In Transit,Airplane,Box,International,Overdue,5097,0.4,859.93,2212,573,6/29/2022,3/3/2022
Delayed,Airplane,Pallet,National,Overdue,9153,3.5,840.34,4242,634,2/23/2020,8/7/2022
Out for Delivery,Airplane,Box,National,Paid,6514,34.9,7.94,380,485,7/8/2020,8/11/2022
In Transit,Truck,Box,National,Pending,3665,63.5,609.67,49,928,9/2/2022,11/24/2021
Delivered,Ship,Envelope,International,Paid,3518,41.5,695.6,4168,81,4/3/2021,1/25/2021
Out for Delivery,Airplane,Envelope,International,Overdue,9857,64.8,130.38,2112,81,1/6/2022,6/9/2021
Delayed,Ship,Pallet,International,Overdue,7236,23.6,644.14,3347,358,12/25/2020,1/15/2022
In Transit,Ship,Crate,International,Pending,5723,18.4,343.47,1503,354,9/2/2022,2/10/2021
Delivered,Airplane,Envelope,Local,Pending,8764,45.9,833.15,2722,919,8/15/2020,10/3/2021
Delayed,Ship,Crate,Local,Pending,4716,78.1,363.59,4634,391,8/31/2022,12/13/2021
Delayed,Train,Pallet,International,Overdue,7019,61.6,960.48,4420,101,9/24/2020,9/19/2020
Delivered,Airplane,Pallet,National,Paid,2589,77.2,346.35,2220,580,10/21/2022,6/16/2022
Out for Delivery,Airplane,Crate,Local,Paid,8506,31.2,538.36,4262,991,12/17/2022,2/19/2021
Out for Delivery,Truck,Envelope,National,Paid,3311,74.1,444.37,3573,134,9/14/2021,9/29/2022
Delivered,Truck,Pallet,National,Pending,6905,71.9,141.16,3860,164,2/27/2020,10/4/2021
Delivered,Ship,Pallet,Local,Paid,9111,31.6,333.04,537,700,12/9/2020,2/9/2021
Delayed,Truck,Crate,International,Paid,8546,22.4,620.47,1902,571,3/13/2020,3/16/2020
Delivered,Truck,Pallet,Local,Paid,3684,68.3,367.78,2452,771,5/28/2020,8/11/2021
Out for Delivery,Ship,Envelope,International,Paid,8858,23.1,220.77,4707,256,5/27/2020,6/17/2021
Out for Delivery,Truck,Box,National,Pending,7152,37.5,298.91,2390,860,8/12/2022,2/21/2022
In Transit,Train,Box,National,Overdue,8587,32.7,906.43,4107,910,1/30/2022,4/12/2022
In Transit,Ship,Crate,International,Paid,8927,49.1,980.78,248,489,8/9/2021,4/14/2021
Delayed,Ship,Envelope,Local,Pending,5067,71.3,196.15,450,133,1/13/2022,10/16/2020
Out for Delivery,Airplane,Crate,International,Overdue,4423,47.7,671.83,4014,85,10/4/2020,3/6/2021
Delivered,Train,Envelope,Local,Paid,8213,83.3,451.83,1908,40,3/12/2020,6/17/2020
Delayed,Airplane,Crate,National,Overdue,9183,70.9,136.3,1986,827,3/29/2022,9/28/2021
Delayed,Train,Box,National,Paid,6359,80.8,986.85,1942,935,9/10/2022,4/2/2022
In Transit,Truck,Box,National,Paid,1022,18.0,137.13,2164,794,4/6/2022,9/22/2022
Out for Delivery,Train,Box,National,Paid,3744,85.8,915.57,2117,896,1/16/2021,1/10/2020
Delivered,Truck,Pallet,International,Pending,7465,41.5,696.62,3631,675,8/1/2020,12/29/2022
Delivered,Ship,Crate,National,Pending,4347,85.6,535.17,3684,49,6/27/2020,4/13/2020
Out for Delivery,Truck,Crate,International,Pending,2448,24.9,86.6,4226,137,11/8/2020,1/2/2022
Delayed,Train,Crate,International,Pending,6880,23.5,441.37,4305,756,1/20/2020,8/22/2021
In Transit,Airplane,Box,International,Overdue,1385,80.6,282.84,298,938,4/14/2021,10/28/2022
Delivered,Airplane,Crate,Local,Paid,5290,23.6,225.52,2588,140,7/29/2021,8/25/2020
Delivered,Ship,Crate,International,Pending,4406,26.0,362.47,1776,791,12/15/2021,2/1/2022
Out for Delivery,Airplane,Envelope,International,Pending,3898,97.5,959.71,2487,727,5/3/2021,3/24/2022
Delivered,Airplane,Pallet,International,Paid,6724,36.0,75.68,2242,157,3/7/2020,10/29/2020
Out for Delivery,Ship,Box,Local,Overdue,5625,3.7,823.08,2342,133,9/5/2021,12/30/2020
Delivered,Train,Pallet,International,Overdue,4597,64.6,216.48,3688,385,2/23/2021,11/3/2021
Delivered,Airplane,Envelope,Local,Overdue,3351,1.2,551.59,1984,983,2/23/2021,9/30/2021
Delayed,Ship,Envelope,National,Pending,3444,20.9,687.73,3458,423,2/26/2022,8/8/2020
Out for Delivery,Airplane,Envelope,Local,Pending,3540,64.3,428.56,2746,899,4/15/2021,3/1/2021
Delivered,Train,Box,Local,Paid,6347,31.0,353.14,4080,833,12/20/2022,2/16/2022
Out for Delivery,Airplane,Envelope,Local,Paid,9163,10.2,964.65,4932,740,3/1/2020,8/9/2022
Out for Delivery,Airplane,Envelope,National,Overdue,3506,46.3,162.63,1698,123,11/21/2020,1/6/2020
Out for Delivery,Airplane,Crate,Local,Pending,3776,58.0,249.57,305,980,6/26/2020,5/11/2020
Out for Delivery,Ship,Pallet,National,Paid,8670,50.0,848.8,1808,974,11/8/2022,2/10/2022
Delayed,Train,Envelope,National,Paid,1634,2.7,712.97,3732,815,5/18/2020,12/11/2021
Delayed,Airplane,Envelope,National,Paid,6783,53.0,515.35,2107,534,9/1/2021,5/18/2021
In Transit,Ship,Envelope,Local,Pending,1476,75.9,363.83,1678,672,7/15/2021,9/21/2022
Delayed,Truck,Box,National,Pending,5523,84.0,280.33,1264,949,11/29/2020,1/8/2020
Out for Delivery,Train,Crate,Local,Paid,8877,7.9,327.56,4468,226,4/28/2020,4/21/2022
Out for Delivery,Truck,Pallet,International,Overdue,1460,75.6,511.04,3312,835,6/27/2022,12/14/2020
Delayed,Airplane,Envelope,National,Pending,8486,55.7,58.21,3022,340,2/4/2022,2/19/2020
Delivered,Train,Crate,National,Paid,7026,80.2,473.46,4355,843,7/14/2020,8/21/2022
In Transit,Ship,Crate,National,Paid,4318,70.0,114.41,2395,972,6/15/2022,7/14/2020
In Transit,Truck,Pallet,Local,Pending,7029,47.3,301.2,3511,514,3/1/2020,2/2/2020
Delayed,Truck,Pallet,Local,Paid,9372,86.6,5.89,2557,972,12/17/2022,8/31/2020
Delayed,Ship,Box,Local,Pending,8901,63.2,573.9,1857,938,9/8/2022,6/4/2022
Out for Delivery,Airplane,Crate,National,Overdue,2606,12.6,877.14,3659,188,7/4/2020,7/16/2022
Out for Delivery,Ship,Crate,Local,Pending,8408,68.8,276.39,960,720,4/27/2021,5/10/2022
In Transit,Ship,Pallet,International,Overdue,8103,58.7,418.16,2610,801,12/28/2020,11/11/2021
Delivered,Airplane,Envelope,Local,Paid,1908,95.3,750.65,838,686,8/5/2022,8/19/2022
Out for Delivery,Train,Envelope,National,Paid,6371,30.5,268.01,2970,197,1/8/2021,2/8/2020
Delivered,Train,Envelope,Local,Pending,5843,66.0,790.93,3918,7,7/19/2021,9/26/2021
In Transit,Truck,Crate,Local,Paid,4240,76.5,448.29,3761,525,10/31/2022,6/20/2022
In Transit,Ship,Pallet,International,Overdue,3989,48.7,375.61,3821,892,12/1/2021,5/23/2022
Out for Delivery,Airplane,Box,Local,Paid,1009,3.5,500.52,4761,414,6/7/2022,6/7/2021
Delayed,Ship,Envelope,National,Paid,2894,43.2,320.32,1349,166,3/5/2021,8/16/2022
Delayed,Airplane,Pallet,Local,Pending,6138,24.2,324.63,2651,831,7/19/2021,2/26/2021
Delayed,Train,Crate,National,Paid,4162,87.2,392.48,842,139,2/6/2022,10/26/2021
Out for Delivery,Airplane,Pallet,National,Overdue,9009,2.6,687.67,2636,901,9/26/2020,12/10/2020
Delayed,Truck,Pallet,National,Paid,5723,45.8,500.05,3095,661,8/4/2020,11/30/2020
In Transit,Train,Crate,Local,Pending,4333,77.7,626.52,3519,762,8/25/2020,4/12/2021
Delayed,Train,Crate,Local,Pending,1893,82.6,555.59,3696,94,1/3/2020,3/31/2021
Delivered,Ship,Pallet,National,Pending,4963,26.1,896.26,2560,543,11/28/2020,8/31/2020
In Transit,Truck,Pallet,National,Overdue,3823,54.9,82.36,620,697,5/15/2021,1/10/2022
In Transit,Airplane,Pallet,International,Pending,7115,3.9,428.55,3503,146,11/26/2022,10/22/2021
Out for Delivery,Ship,Crate,Local,Paid,8750,47.7,217.86,766,302,8/26/2022,1/6/2020
Delayed,Airplane,Crate,Local,Overdue,9163,63.0,272.27,1224,133,8/26/2021,1/7/2020
Delivered,Train,Pallet,Local,Paid,3974,5.8,680.4,771,121,8/15/2022,10/20/2022
Out for Delivery,Truck,Crate,National,Paid,4532,51.1,312.48,1577,632,10/3/2020,10/18/2022
Delayed,Train,Crate,International,Paid,2520,83.3,218.07,4830,362,11/30/2022,2/10/2021
Out for Delivery,Airplane,Pallet,National,Paid,5992,52.0,536.7,1621,35,5/24/2021,10/14/2020
In Transit,Truck,Envelope,National,Paid,1590,9.1,926.91,2136,682,7/13/2022,7/15/2022
Out for Delivery,Truck,Envelope,International,Paid,8528,2.8,242.24,2338,806,9/28/2020,4/22/2020
Out for Delivery,Truck,Pallet,National,Overdue,5664,20.9,233.25,1243,86,10/16/2020,6/4/2021
Delayed,Truck,Box,International,Paid,4190,12.8,556.91,639,395,6/7/2022,10/25/2020
In Transit,Ship,Envelope,International,Paid,4308,99.7,187.36,4860,483,4/17/2020,11/15/2020
Out for Delivery,Truck,Crate,International,Paid,9952,14.8,361.93,1885,863,5/13/2021,12/25/2022
Out for Delivery,Airplane,Envelope,National,Pending,2864,97.6,843.64,1094,2,6/4/2022,8/26/2022
Delayed,Train,Envelope,Local,Overdue,5574,28.7,627.9,1831,352,8/16/2022,8/27/2020
Delivered,Ship,Envelope,International,Pending,1760,18.6,860.48,175,716,9/30/2022,4/2/2020
Delivered,Ship,Envelope,International,Pending,2431,11.2,108.38,674,154,8/18/2020,1/25/2020
Out for Delivery,Truck,Pallet,Local,Overdue,8240,2.0,531.84,15,824,4/1/2020,5/5/2022
Delivered,Airplane,Envelope,Local,Overdue,5646,39.9,978.03,2508,582,6/28/2022,7/18/2021
In Transit,Ship,Box,National,Paid,9801,4.8,67.16,2232,890,2/22/2022,10/24/2021
Delivered,Ship,Pallet,National,Paid,5586,39.4,530.49,2542,466,2/25/2020,5/28/2022
Delayed,Airplane,Crate,Local,Paid,3525,82.5,557.95,1877,291,10/13/2020,4/17/2020
In Transit,Ship,Pallet,International,Paid,4362,4.4,892.41,4294,530,9/22/2021,6/3/2021
In Transit,Truck,Envelope,National,Paid,4212,19.8,544.59,1419,614,6/12/2020,2/12/2022
Delivered,Truck,Box,Local,Pending,1022,14.7,322.06,1613,504,5/13/2021,4/11/2022
Delivered,Airplane,Pallet,International,Paid,1196,0.3,807.27,1459,505,6/4/2020,1/19/2022
Delayed,Airplane,Pallet,National,Overdue,7826,60.3,150.42,3491,631,10/29/2020,12/2/2022
Delivered,Truck,Box,International,Paid,8055,0.6,9.77,140,489,11/15/2022,6/4/2022
Delayed,Airplane,Envelope,Local,Overdue,9459,95.5,143.34,4077,989,2/14/2021,9/23/2021
Delivered,Truck,Pallet,National,Overdue,4195,75.1,183.52,2006,964,7/2/2020,4/21/2020
Delivered,Train,Envelope,International,Overdue,2125,0.5,126.44,2651,74,8/7/2021,12/10/2021
Delivered,Ship,Box,Local,Pending,1360,13.8,898.2,3142,35,8/10/2022,8/25/2022
Delayed,Train,Crate,Local,Paid,9313,21.8,308.99,2863,700,8/1/2022,1/21/2022
Delayed,Airplane,Box,National,Paid,3902,73.3,118.1,477,140,4/21/2020,3/19/2020
Out for Delivery,Airplane,Pallet,National,Pending,6623,59.4,51.47,3689,252,1/8/2022,9/28/2021
Delayed,Ship,Box,Local,Paid,9549,88.1,139.79,4153,29,5/26/2022,6/20/2021
Delivered,Truck,Box,Local,Paid,1592,53.9,923.68,3792,13,5/3/2021,11/26/2022
Out for Delivery,Airplane,Envelope,Local,Paid,6083,3.1,817.17,434,950,2/5/2021,6/26/2021
Delayed,Truck,Crate,National,Pending,6854,24.1,161.94,379,31,11/24/2020,2/7/2021
Delivered,Truck,Box,Local,Pending,8307,75.2,577.49,1911,395,3/20/2021,3/19/2020
In Transit,Airplane,Crate,International,Overdue,6012,45.4,498.0,4051,767,12/12/2020,7/21/2021
Delayed,Truck,Box,International,Paid,4168,15.5,894.16,4332,305,1/25/2020,12/24/2020
Out for Delivery,Truck,Crate,National,Overdue,3209,2.8,866.77,691,778,8/16/2020,12/18/2020
Delayed,Airplane,Crate,Local,Pending,3345,25.2,349.56,3737,480,5/29/2020,12/6/2022
In Transit,Train,Crate,International,Paid,3235,12.1,315.31,3459,934,2/15/2020,6/24/2021
In Transit,Train,Envelope,Local,Paid,6138,27.2,261.29,3776,707,9/8/2021,11/11/2021
Delayed,Airplane,Box,International,Overdue,7228,25.7,21.69,3609,224,3/26/2020,10/2/2021
Delayed,Ship,Envelope,International,Paid,7440,90.8,736.39,322,268,9/1/2020,2/8/2021
Delivered,Truck,Box,Local,Overdue,9370,83.5,660.34,91,627,2/24/2022,2/17/2022
Delivered,Ship,Envelope,Local,Paid,7576,69.2,704.08,4739,114,6/8/2021,1/9/2021
Out for Delivery,Ship,Pallet,Local,Pending,8061,92.9,830.13,1311,989,8/30/2022,1/8/2021
In Transit,Truck,Pallet,International,Paid,4099,39.9,304.15,4745,323,6/30/2021,10/28/2021
In Transit,Airplane,Envelope,Local,Pending,2180,27.7,173.13,3645,383,6/11/2021,7/6/2020
Delivered,Airplane,Envelope,Local,Overdue,4695,70.2,677.62,2221,11,12/20/2021,4/29/2022
Delivered,Ship,Crate,Local,Overdue,1175,67.7,411.97,3016,534,9/14/2021,10/26/2020
In Transit,Airplane,Pallet,International,Paid,2288,60.3,30.05,2351,378,9/14/2022,9/8/2020
Delivered,Train,Box,National,Paid,9614,27.5,393.64,2826,107,8/17/2021,5/3/2020
Delivered,Train,Box,International,Paid,9686,77.1,689.2,296,991,2/2/2021,3/5/2020
Delivered,Ship,Box,Local,Pending,2556,68.3,374.94,3688,861,11/8/2020,3/31/2022
Delayed,Train,Box,Local,Pending,6079,36.9,697.74,3573,687,10/30/2021,1/29/2022
In Transit,Airplane,Box,Local,Pending,9864,1.2,49.68,2406,865,9/16/2022,8/22/2021
Delayed,Truck,Pallet,National,Pending,1580,29.4,574.45,927,562,8/29/2022,6/7/2022
Out for Delivery,Airplane,Box,International,Paid,5882,23.1,295.19,4111,209,12/13/2020,10/28/2020
Delayed,Airplane,Box,International,Overdue,1425,29.4,221.49,463,837,6/10/2021,7/29/2022
In Transit,Train,Pallet,International,Paid,4584,18.9,804.24,4251,784,6/5/2020,3/27/2020
Delivered,Ship,Pallet,International,Pending,7179,13.5,993.67,2673,167,12/11/2022,10/12/2020
Out for Delivery,Ship,Box,Local,Pending,7363,39.7,451.11,4160,160,1/25/2020,2/15/2021
Out for Delivery,Airplane,Box,International,Paid,2636,9.4,342.21,3243,796,10/23/2020,2/4/2022
In Transit,Train,Crate,Local,Paid,1761,52.3,547.17,3344,982,7/21/2022,5/1/2021
Out for Delivery,Airplane,Crate,National,Paid,4568,54.0,11.45,4030,71,9/8/2021,3/26/2022
Delivered,Ship,Crate,National,Paid,6904,7.1,810.55,2975,924,2/6/2021,7/10/2021
Delivered,Ship,Crate,International,Paid,7613,44.9,445.24,4739,754,11/11/2020,4/7/2020
Delivered,Truck,Envelope,International,Paid,7841,47.0,672.14,928,596,7/29/2022,4/17/2020
Delayed,Truck,Envelope,National,Overdue,1799,80.6,212.63,2126,224,3/8/2021,10/29/2022
Delayed,Airplane,Crate,National,Pending,2839,28.2,887.32,3050,444,12/24/2022,7/15/2021
Delivered,Airplane,Pallet,Local,Pending,1547,11.0,645.46,3283,860,12/25/2020,4/23/2021
Out for Delivery,Airplane,Box,National,Pending,6224,69.5,817.01,4478,489,2/14/2020,5/19/2020
Delivered,Airplane,Pallet,International,Overdue,4695,71.4,282.37,29,402,2/12/2020,10/9/2022
In Transit,Truck,Envelope,Local,Overdue,6843,97.0,130.38,1017,428,9/19/2022,4/27/2022
Delivered,Airplane,Box,Local,Pending,5394,95.3,580.7,3088,417,11/14/2020,10/26/2022
Out for Delivery,Truck,Box,International,Pending,5236,93.5,789.04,208,15,10/18/2021,5/14/2022
Delivered,Train,Pallet,International,Paid,6213,32.3,400.18,1337,322,11/27/2021,8/22/2021
Delivered,Ship,Crate,National,Paid,7831,10.1,600.71,3281,24,2/19/2021,11/10/2021
Out for Delivery,Airplane,Envelope,International,Overdue,3700,60.4,43.52,4693,302,12/7/2020,2/21/2020
In Transit,Truck,Box,National,Paid,2538,74.8,366.88,4102,17,10/6/2021,3/4/2020
In Transit,Airplane,Pallet,National,Pending,1183,6.6,353.71,1826,164,11/24/2022,11/3/2020
Out for Delivery,Train,Envelope,National,Overdue,1305,70.2,257.7,4859,837,7/19/2021,8/30/2020
Out for Delivery,Train,Pallet,Local,Overdue,3435,85.3,385.42,2828,359,4/29/2020,9/14/2020
In Transit,Airplane,Pallet,Local,Pending,2880,29.2,48.45,1203,224,1/25/2022,2/11/2021
Out for Delivery,Airplane,Box,Local,Pending,8233,66.8,942.12,4559,912,6/26/2022,9/17/2022
In Transit,Truck,Pallet,Local,Paid,8685,86.5,241.04,226,269,1/23/2022,2/5/2021
Delivered,Train,Box,National,Pending,2439,78.8,944.55,4624,168,8/31/2020,2/17/2020
Out for Delivery,Train,Crate,Local,Overdue,2190,38.1,389.77,778,388,6/13/2021,3/13/2021
In Transit,Train,Box,International,Overdue,9114,81.7,466.51,3582,503,5/16/2022,11/11/2020
Delivered,Truck,Box,Local,Overdue,2479,8.5,950.81,1430,305,11/12/2020,6/23/2020
Delivered,Ship,Envelope,International,Paid,5214,11.9,978.98,2277,512,1/26/2021,5/11/2020
Delayed,Train,Crate,International,Overdue,1074,76.2,10.21,1942,689,8/15/2020,9/2/2021
In Transit,Train,Pallet,National,Overdue,3425,3.6,401.89,2517,288,3/30/2020,4/16/2020
In Transit,Airplane,Box,National,Paid,6222,62.0,818.61,4413,355,12/1/2021,9/23/2022
Delayed,Ship,Box,Local,Pending,8310,88.7,173.66,2939,381,1/7/2021,2/8/2022
Out for Delivery,Train,Envelope,International,Overdue,3636,12.8,833.01,833,931,8/27/2020,7/2/2022
In Transit,Airplane,Box,Local,Overdue,3902,38.4,224.91,277,888,8/19/2020,2/29/2020
Delayed,Airplane,Pallet,International,Paid,6859,47.8,351.73,4127,762,3/16/2020,11/18/2020
In Transit,Ship,Box,International,Paid,3103,74.2,151.99,1787,62,5/25/2020,7/18/2022
Delayed,Train,Box,National,Paid,6994,91.5,73.65,4597,566,4/7/2021,6/21/2020
Out for Delivery,Airplane,Pallet,Local,Pending,2345,80.0,743.01,4854,126,8/18/2021,10/23/2020
Delayed,Train,Pallet,International,Overdue,7229,90.1,980.63,3664,404,2/8/2020,3/1/2022
Delayed,Truck,Envelope,International,Overdue,3417,3.2,624.71,2365,664,6/1/2022,4/9/2022
In Transit,Airplane,Pallet,National,Overdue,4393,38.3,552.6,4979,958,5/24/2020,12/7/2020
Delivered,Airplane,Pallet,National,Overdue,1224,35.0,388.47,3409,89,1/22/2022,4/29/2021
Out for Delivery,Airplane,Envelope,International,Paid,2202,23.7,955.56,1991,162,9/26/2020,3/18/2021
Out for Delivery,Truck,Envelope,International,Paid,8561,95.4,324.09,3933,300,10/30/2020,7/24/2021
In Transit,Airplane,Envelope,National,Pending,7968,83.8,956.36,1760,646,5/28/2020,4/3/2021
In Transit,Ship,Box,National,Pending,7742,73.2,297.25,4378,306,6/27/2021,9/9/2021
In Transit,Truck,Envelope,National,Overdue,4115,78.9,155.09,2273,767,7/30/2022,1/23/2022
In Transit,Ship,Envelope,National,Overdue,1805,33.6,784.3,502,867,10/19/2020,2/18/2020
Out for Delivery,Truck,Pallet,Local,Paid,5059,62.3,105.46,1977,906,6/18/2022,8/14/2022
In Transit,Ship,Pallet,National,Overdue,8771,81.6,426.13,4159,682,5/24/2020,5/17/2020
Delivered,Train,Envelope,National,Pending,4953,65.4,524.5,1499,738,11/4/2021,11/2/2021
Delayed,Ship,Envelope,Local,Overdue,4818,38.8,734.47,1841,836,8/10/2022,2/26/2022
In Transit,Train,Pallet,International,Paid,1459,33.4,864.51,3895,590,1/8/2022,12/29/2020
In Transit,Train,Box,Local,Overdue,8272,39.5,226.95,3694,38,2/15/2021,3/22/2021
Out for Delivery,Train,Pallet,National,Pending,6631,82.7,266.55,1170,551,10/28/2020,1/17/2020
Delayed,Truck,Pallet,National,Paid,8921,49.0,134.49,2872,167,3/14/2022,9/4/2021
Delivered,Train,Crate,National,Overdue,6981,5.5,837.99,4654,845,11/19/2021,8/19/2022
In Transit,Airplane,Crate,Local,Pending,3522,80.8,461.96,70,952,8/14/2021,3/19/2022
Delivered,Train,Envelope,National,Paid,7539,0.3,641.59,4465,266,1/4/2020,8/30/2022
Out for Delivery,Train,Envelope,Local,Paid,8127,24.2,526.19,4419,362,5/2/2020,7/5/2022
In Transit,Train,Envelope,Local,Paid,4725,98.8,720.58,2185,800,7/23/2022,1/14/2022
In Transit,Truck,Box,Local,Overdue,2311,30.2,25.31,1594,162,8/21/2022,10/30/2022
In Transit,Airplane,Pallet,International,Overdue,7017,48.6,753.55,4668,304,3/10/2020,3/23/2020
In Transit,Airplane,Envelope,National,Paid,2526,18.0,949.5,1718,168,6/24/2021,2/19/2022
